id_recepta,ime_recepta,cas_priprave,cas_kuhanja,st_porcij,kalorije,ogljikovi_hidrati,mascobe,beljakovine,opis,sestavine
1,Pepperoni Pizza Bites,10,30,4,286.0,31.0,9.5,18.0,"Pepperoni Pizza Bites are like those frozen mini bagel pizzas, only made from scratch in a muffin tin using my Greek yogurt bagel dough.","['[""Olive oil spray"",""1 cup unbleached all-purpose flour (whole wheat or gluten-free mix*, (5 oz in weight))"",""2 teaspoons baking powder (make sure it\\u2019s not expired, or it won\\u2019t rise)"",""3\\/4 teaspoon kosher salt (diamond crystal, use less if using table salt or Mortons)"",""1 cup non-fat Greek yogurt (not regular yogurt, it will be too sticky (I recommend Stonyfield))"",""2\\/3 cup marinara or pizza sauce"",""1 cup shredded part-skim mozzarella cheese"",""1 ounce turkey pepperoni (chopped)"",""Crushed red pepper flakes (for serving (optional))""],']"
2,Crustless Potato Jalapeño Quiche,10,50,6,207.0,12.0,12.5,11.5,"This Tex-Mex-inspired Crustless Potato Jalapeño Quiche is filled with potatoes, onions, jalapeños, and cheddar cheese and seasoned with chili powder, cumin, and paprika.","['[""Cooking spray"",""1 teaspoon olive oil"",""\\u00bd  onion (diced small)"",""1 medium  Yukon Gold potato (about 8 ounces, diced small)"",""1  jalape\\u00f1o (halved)"",""1 teaspoon chili powder"",""\\u00bd teaspoon smoked paprika"",""1 cup grated Pepper Jack or Colby Jack cheese"",""5 large  eggs"",""\\u2154 cup 2% milk"",""\\u00bc cup half-and-half"",""1 teaspoon kosher salt"",""Your favorite toppings (like salsa, chopped cilantro, and sliced avocado)""],']"
3,Perfect Baked Potato Recipe,5,55,4,157.0,36.0,0.5,4.0,"A perfect baked potato is simple to prepare in the oven, with crispy skin and a fluffy interiors. This basic recipe for how to bake a potato is foolproof.","['[""4  medium russet or Idaho potatoes (about 7 ounces each)"",""extra-virgin olive oil spray"",""Kosher salt"",""chives, sour cream, Greek yogurt, butter, salt and pepper (optional for topping)""],']"
8,Baked Chicken Breasts,5,30,4,271.0,5.0,9.0,40.0,"Perfect, juicy Baked Chicken Breasts topped with crispy panko-parmesan crumbs are flavorful and delicious!","['[""4 6 ounce  boneless skinless chicken breasts  (preferably organic)"",""kosher salt (Diamond Crystal Kosher, if using Morton&#39;s or table salt use half)"",""3\\/4 teaspoon garlic powder"",""1\\/2 teaspoon dried parsley"",""1\\/2 teaspoon paprika"",""1 1\\/2 tablespoons mayonnaise"",""1\\/3 cup seasoned Panko Breadcrumbs (OR gluten free pankp)"",""2 tablespoons shredded Parmesan cheese"",""1  lemon (cut into wedges for serving)""],']"
10,Spaghetti Squash Crust Pizza,30,30,2,303.0,18.0,17.0,28.0,This plant based Spaghetti Squash Crust Pizza is the only way I can get my husband to eat spaghetti squash – it’s that delicious!,"['[""2 packed cups cooked spaghetti squash (from a 2.2 lb spaghetti squash)"",""1  large egg"",""3\\/4 cup finely shredded part-skim mozzarella cheese"",""1\\/4 cup shredded Parmesan cheese (not grated)"",""1 teaspoon minced garlic"",""1 teaspoon dried oregano"",""1\\/3 cup tomato-basil marinara sauce (or pizza sauce)"",""1\\/2 cup shredded part-skim mozzarella cheese""],']"
11,Healthy Banana Oatmeal Cookies,10,15,8,93.0,15.0,3.5,2.0,"These Healthy Banana Oatmeal Cookies are made with just three ingredients! Mashed ripe bananas, oatmeal and walnuts. SO GOOD!","['[""2  medium ripe bananas (mashed)"",""1 cup of uncooked quick oats*"",""1\\/4 cup crushed walnuts""],']"
12,"Black-Eyed Peas with Leftover Ham Bone, Collard Greens & Cabbage",15,55,6,320.0,50.0,6.0,19.0,"Black-Eyed Peas with Leftover Ham, Collard Greens &amp; Cabbage is a great stew to ring in the new year!!","['[""1 Tbsp olive oil"",""1  leftover ham bone plus 2 cups diced ham (10 oz )"",""2  medium yellow onions (chopped)"",""3  stalks celery (chopped)"",""1 tsp kosher salt"",""7 cloves garlic (minced)"",""2 cups low-sodium chicken stock or water"",""1 small head cabbage (1 1\\/2 lb, chopped)"",""1 bunch  collard greens (stemmed and chopped (12 oz stemmed))"",""1 \\u00bd tsp freshly ground black pepper"",""\\u00bc tsp cayenne pepper (optional)"",""2 15-oz cans  black-eyed peas (drained and rinsed)""],']"
13,Air Fryer Sausage and Broccoli Rabe Egg Rolls (or oven),15,30,12,136.0,15.0,3.5,10.0,These Italian inspired Chicken Sausage and Broccoli Rabe Egg Rolls make a delicious appetizer for the holidays!,"['[""16 oz uncooked sweet Italian chicken sausage (casing removed)"",""1  large shallot (chopped)"",""3 cups uncooked broccoli rabe (Rapini, chopped, discard large stems, use thinner stems only)"",""2  garlic cloves (minced)"",""1\\/2 teaspoon kosher salt"",""1\\/8 teaspoon black pepper"",""1\\/4 teaspoon crushed red pepper flakes"",""1 oz white wine"",""1\\/4 cup grated Parmesan cheese"",""12  egg roll wrappers (Nasoya)"",""marinara for serving (optional)""],']"
14,Chilled Calamari Salad with Lemon and Parsley,10,5,4,122.0,8.0,2.0,18.0,"A light refreshing calamari salad made with squid, fresh lemon, celery, red onion, roasted peppers, garlic and parsley.","['[""1\\/4 cup red onion (minced)"",""1\\/2 cup celery (chopped)"",""1\\/2 cup roasted red peppers (chopped)"",""1\\/4 cup fresh parsley (minced (no stems))"",""1 clove garlic (sliced)"",""2 tbsp extra virgin olive oil"",""1 1\\/2  lemons"",""1 1\\/4 tsp red wine vinegar"",""salt and fresh pepper to taste"",""1 lb fresh squid (tube and tentacles cleaned)""],']"
15,Drunken Mussels,10,15,4,307.0,11.0,12.0,29.0,"These Drunken Mussels cook in a quick and easy, garlicky white wine-broth sauce with anchovies for ultimate flavor.","['[""2 pounds live mussels (about 44)"",""1 tablespoon butter"",""1 tablespoon extra virgin olive oil"",""4 to 6  jarred anchovies"",""4 cloves garlic (minced)"",""1\\/4 teaspoon crushed red pepper flakes"",""3\\/4 cup white wine"",""3\\/4 cup vegetable broth"",""kosher salt and freshly ground black pepper (to taste)"",""1\\/3 cup chopped fresh flat-leaf parsley"",""sliced grilled or broiled french bread (optional for serving and dipping into the yummy broth)""],']"
16,Baked Oatmeal with Blueberries and Bananas,10,35,6,211.0,38.0,5.5,5.5,"This is the BEST Baked Oatmeal with Blueberries and Bananas. It&#39;s perfect to serve guests for brunch, or make it ahead for the week for easy meal prep, as leftovers taste just as good reheated.","['[""2 medium  ripe bananas ((the riper the better) sliced into 1\\/2\\"" pieces)"",""1 1\\/2 cup blueberries"",""1\\/4 cup honey (or maple)"",""1 cup uncooked quick or old fashion oats*"",""1\\/4 cup chopped walnuts or pecans"",""1\\/2 tsp baking powder"",""3\\/4 tsp cinnamon"",""pinch of salt"",""1 cup fat free milk (or any milk you desire)"",""1 large egg"",""1 tsp vanilla extract""],']"
17,Scallops over Wilted Spinach Parmesan Risotto,5,35,3,481.0,16.0,17.0,23.5,Scallops over Wilted Spinach Parmesan Risotto,"['[""1 cup arborio rice"",""2 tsp butter"",""1  shallot (minced)"",""1\\/2 cup white wine"",""4 cups fat free chicken stock"",""salt and pepper"",""1\\/4 cup grated parmesan cheese"",""2 tbsp chopped parsley"",""16 oz sea scallops (about 12-14 )"",""salt and fresh pepper"",""2 tsp butter"",""1 tsp olive oil"",""1  shallot (minced)"",""10 oz baby spinach (washed)""],']"
19,Garlic Shrimp,5,5,4,154.0,3.0,6.5,20.0,"This simple Garlic Shrimp recipe, inspired by the flavors of Spain takes just minutes to make and it&#39;s so flavorful, a weeknight dinner win! ","['[""1 1\\/4 lbs large shrimp (peeled and deveined (weight after you peel them))"",""6 cloves garlic (sliced thin)"",""1 1\\/2 tbsp extra virgin Spanish olive oil (or any good quality olive oil)"",""crushed red pepper flakes (to taste)"",""1\\/4 teaspoon sweet Spanish paprika (or more to taste)"",""pinch kosher salt"",""1\\/4 cup parsley (chopped)""],']"
21,Veggie Latkelles (Waffled Latkes) with Lox,25,5,4,205.0,35.0,4.0,9.0,"These veggie-packed latkes, are not your traditional latkes, they’re made with shredded potatoes, carrots, zucchini and bell pepper, and they are cooked in a waffle iron so there’s no need to fry! Top them with sour cream, lox and capers or with apple sauce on the side.","['[""2  large carrots (peeled and shredded (6 oz))"",""1  large 8 oz zucchini (shredded)"",""1  red bell pepper (shredded)"",""1  medium onion (shredded)"",""2  large russet potatoes (scrubbed and shredded (16 oz))"",""1\\/4 cup matzo meal (or all-purpose flour (wheat or GF))"",""1 teaspoon baking powder"",""1 1\\/4 teaspoon kosher salt and pepper to taste"",""3  large eggs (beaten)"",""cooking spray"",""apple sauce"",""Nova Lox or smoked salmon"",""light sour cream"",""chopped dill"",""slivered red onion"",""capers (drained)""],']"
25,"Mom's Stuffing, Lightened Up",10,20,8,161.0,23.0,5.0,7.0,"My Mom makes the BEST stuffing, it&#39;s the one thing I crave every Thanksgiving! This recipe has been remade like Mom&#39;s, only just a bit healthier!","['[""1 12 oz loaf whole wheat french bread (cut into small cubes)"",""3 slices center cut bacon (minced)"",""1 tbsp butter"",""1  large onion (minced)"",""3  medium stalks celery (minced)"",""10  fresh sage leaves (minced)"",""2\\/3 cup chopped parsley"",""salt and fresh pepper (to taste)"",""1 teaspoon Bell&#39;s Turkey Seasoning (or poultry seasoning)"",""1  large egg (beaten)"",""2 cups chicken broth"",""1\\/2 cup water"",""cooking spray""],']"
26,Makeover Spinach Gratin,10,40,13,111.0,9.2,5.5,7.7,Creamy spinach with a hint of nutmeg is baked in the oven topped with melted cheese for a decadent Holiday side dish. ,"['[""3 tbsp whipped butter (I used Land O Lakes)"",""1 cup finely chopped onion"",""1\\/4 cup flour (use Gluten free AP flour for GF)"",""1\\/4 tsp fresh grated nutmeg"",""3 cups 2% milk"",""3 lbs frozen chopped spinach, defrosted (I used 3 16-oz packages )"",""3\\/4 cup freshly grated Parmesan cheese"",""1 tbsp kosher salt"",""1\\/2 tsp freshly ground black pepper"",""1\\/2 cup shredded Swiss or Gruyere cheese""],']"
27,Roasted Green Beans with Caramelized Onions,10,45,6,102.0,19.0,2.5,3.5,"This simple side dish of Roasted Green Beans with Caramelized Onions pair wonderfully with Thanksgiving turkey, or can be made anytime of the year!","['[""1 tablespoon extra virgin oil"",""2  large Vidalia Onions (about 1 1\\/4 lbs, peeled and sliced)"",""kosher salt and black pepper to taste"",""2 pounds green beans (trimmed)"",""olive oil spray""],']"
28,Turkey Mashed Potato Pot Pie,10,10,4,337.0,33.0,6.5,37.5,This Turkey Mashed Sweet Potato Pot Pie screams comfort food! A delicious way to use up your Thanksgiving leftovers.,"['[""1 pounds sweet potatoes (peeled and diced 1-inch)"",""kosher salt"",""1\\/4 cup sour cream or full-fat plain yogurt (*see notes for dairy-free)"",""2 1\\/2 cups chopped cooked turkey breast (skin removed (about 1 pound))"",""1\\/2 tablespoon olive oil"",""1  large shallots (chopped)"",""2 tbsp chopped fresh parsley"",""2 tablespoons chopped fresh thyme"",""2 tablespoons chopped fresh sage"",""2  celery stalks (chopped)"",""4 ounce frozen peas and carrots"",""2 2\\/3 cups turkey or chicken broth"",""1\\/4 teaspoon kosher salt"",""black pepper"",""2 tablespoons cornstarch""],']"
31,Baked Brie Phyllo Cups,8,7,15,60.0,6.5,3.0,2.0,"Baked Brie Phyllo Cups topped with craisins, walnuts and honey. Delicious bite-sized appetizers, perfect for the Holidays!","['[""3 oz light brie (skin removed cut into (15) 1\\/2-inch cubes)"",""4 tbsp craisins"",""4 tbsp chopped walnuts or pecans"",""2 tbsp honey"",""15  Mini Phyllo Shells (Athens)""],']"
35,Drunken Style Noodles with Shrimp,20,30,4,487.0,59.5,11.0,35.0,"Drunken Style Noodles with Shrimp recipe inspired by the popular Thai street food pad kee mao, or “drunken noodles.”","['[""8 cups plus \\u00be cup water (plus more as needed)"",""8 ounces rice noodles (as thick as you can find)"",""2 tablespoons oyster sauce*"",""2 tablespoons soy sauce or gluten-free Tamari"",""1\\u00bd tablespoons fish sauce"",""1\\u00bd tablespoons sriracha (or to taste)"",""1 tablespoon dark brown sugar"",""3  large eggs"",""Salt"",""1  tablespoon (plus 1 teaspoon vegetable oil)"",""1 pound large (31\\/35) shrimp (peeled and deveined)"",""2\\u00bd cups bite-sized broccoli florets  ((from an 8-ounce\\/225 g broccoli crown))"",""1  bunch of scallions (light and dark green parts separated, thinly sliced)"",""4  garlic cloves (minced)"",""\\u00bd cup loosely packed Thai or Italian basil leaves (roughly chopped)"",""1 tablespoon fresh lime juice (from 1 lime)"",""Lime wedges (for serving (optional))""],']"
36,Turkey Cutlets with Parmesan Crust,10,15,4,196.0,7.0,6.0,29.0,"These Turkey Cutlets with Parmesan Crust, pan-fried or air-fried, are a quick weeknight dish the whole family will love! ","['[""4  turkey breast cutlets (4 oz each)"",""2 large egg whites (beaten)"",""1\\/3 cup seasoned breadcrumbs"",""2 tbsp Parmesan cheese"",""kosher salt and fresh pepper"",""1 tbsp butter"",""1 tsp olive oil"",""lemon wedges for serving""],']"
37,Huevos Rancheros,5,10,2,414.0,42.0,18.5,22.5,"Huevos rancheros (or rancher’s eggs) are a typical breakfast served at Mexican farms, featuring corn tortillas topped with fried eggs and salsa.","['[""1 tsp oil"",""1 small onion (diced)"",""2  medium vine tomatoes (diced)"",""1\\/4 cup canned chopped green chiles (such as Old El Paso)"",""olive oil spray"",""kosher salt and black pepper"",""1\\/8 teaspoon cumin"",""4 6 inch  corn tortillas"",""4  large eggs"",""1\\/2 cup shredded lettuce"",""4 tbsp crumbled cotija cheese (or queso blanco)"",""2 tbsp chopped cilantro""],']"
39,Easy Black Bean Vegetarian Chili with Spiced Yogurt,10,15,6,264.0,44.5,4.5,14.5,This Easy Black Bean Vegetarian Chili topped with Spiced Yogurt takes about 20 minutes to cook but tastes like it simmered for hours.,"['[""1 1\\/4 tablespoon cumin"",""1 1\\/4 tablespoon chili powder"",""1\\/4 teaspoon garlic powder"",""1\\/4 teaspoon onion powder"",""1\\/2 teaspoon smoked paprika"",""1 teaspoon kosher salt"",""3\\/4 cup Stonyfield Organic whole milk plain yogurt"",""2  15 oz cans black beans"",""1 tablespoon olive oil"",""1  medium onion (chopped)"",""1  red bell pepper (chopped)"",""1  diced jalapeno (plus more for garnish)"",""10 oz can rotel tomatoes with green chilies"",""8 ounces frozen corn"",""8 ounce can tomato sauce"",""3\\/4 cup less-sodium vegetable broth"",""Optional Toppings: shredded cheddar (diced red onions, cilantro, diced avocado)""],']"
40,Air Fryer Chicken Milanese with Mediterranean Salad,15,15,4,562.0,28.5,21.0,63.0,"This crispy Air Fryer Breaded Chicken Breast is topped with a Mediterranean Salad of tomatoes, red onion, romaine lettuce, and grated Feta cheese – so good!","['[""8  boneless thin sliced chicken breast fillets (about 4 ounces each, 1\\/4 inch thick)"",""1 teaspoon salt"",""1 1\\/2 cup panko (or gluten-free panko)"",""1\\/3 cup finely grated parmesan cheese"",""2  large eggs (beaten)"",""olive oil spray"",""5 cups 1 large head romaine lettuce, chopped"",""1  heirloom tomato (diced)"",""1\\/2  small red onion (chopped)"",""2 ounces grated feta cheese (grated from 1 block)"",""2 tablespoons fresh lemon juice"",""2 tablespoons red wine vinegar"",""1 tablespoon dried oregano"",""1  garlic clove (grated)"",""1\\/2 teaspoon kosher salt"",""2 tablespoons extra virgin olive oil""],']"
41,Apple Cobbler,20,50,8,215.0,44.5,4.0,1.5,Apple Cobbler made with warm cinnamon apples and a golden cobbler crust. ,"['[""2 1\\/2 lbs Gala apples (peeled, cored and sliced 1\\/4\\"" thick*)"",""6  tablespoons honey"",""2 tbsp cornstarch"",""1\\/2 tsp cinnamon"",""1\\/4 tsp nutmeg"",""pinch of salt"",""1\\/2 tablespoon fresh lemon juice"",""1\\/2 cup water"",""1\\/4 cup King Arthur white whole wheat flour"",""1\\/4 cup King Arthur all purpose flour"",""2 tbsp granulated sugar"",""1\\/2 tsp baking powder"",""1\\/4 tsp baking soda"",""pinch of salt"",""2 tbsp chilled whipped butter"",""1\\/3 cup low-fat buttermilk"",""1 tbsp canola oil"",""1 tsp light brown sugar (unpacked)""],']"
43,Tofu Stir Fry,15,15,4,294.0,21.5,16.0,18.5,This quick and easy Sesame Soy Tofu Stir Fry is loaded with fresh and colorful vegetables and plant-based protein. ,"['[""1\\/4 cup reduced-sodium soy sauce (or gluten-free soy sauce)"",""1\\/4 cup reduced-sodium vegetable broth"",""1 tablespoon honey (or brown sugar for vegan)"",""16 ounces super firm tofu (drained, pressed)"",""1 tablespoon reduced-sodium soy sauce (or gluten-free soy sauce)"",""2 tablespoons cornstarch or arrowroot powder"",""1 tablespoons neutral oil (such as grapeseed or canola)"",""1 tablespoon sesame oil"",""1  red bell pepper (diced 1\\/2 inch)"",""1  small bunch of broccolini (chopped 1-inch)"",""4  garlic cloves (minced)"",""1 tablespoon grated ginger"",""1 tbsp sesame seeds (toasted)""],']"
44,Pumpkin Cream Cheese Muffins,15,25,12,170.0,25.0,6.0,3.5,"Pumpkin Cream Cheese Muffins are moist, delicious and perfectly spiced! A delicious fall breakfast treat made with canned pumpkin, pumpkin spice and a cream cheese swirl topping.","['[""1\\/2 cup white whole wheat flour (King Arthur)"",""3\\/4 cups unbleached all purpose flour (King Arthur)"",""3\\/4 cup raw sugar"",""1 teaspoon baking soda"",""2 teaspoons pumpkin pie spice"",""1\\/4 teaspoon nutmeg"",""1\\/4 teaspoon cinnamon"",""1\\/4 teaspoon salt"",""1 1\\/2 cups canned pumpkin (not pumpkin pie filling)"",""2 tbsp coconut oil"",""1  large egg"",""1 1\\/2 tsp vanilla extract"",""baking spray"",""5 oz 1\\/3 less fat cream cheese"",""2 tablespoons raw sugar"",""1  large egg yolk"",""1 teaspoon vanilla extract""],']"
46,Pumpkin Overnight Oats in a Jar,10,0,1,269.0,40.5,12.0,10.0,"Pumpkin Pie Overnight Oats is a healthy plant-based breakfast made with my homemade pumpkin butter, oat milk, chia and spices, refrigerated overnight and topped with banana and nuts/seeds. No cooking required!","['[""1\\/4 cup organic quick oats*"",""1\\/2 cup unsweetened milk of choice (I like oat milk)"",""2 tbsp pumpkin butter ((use less if store bought))"",""1 tsp chia seeds"",""pinch cinnamon"",""pinch pumpkin pie spice"",""1\\/4  sliced banana (freeze the rest for smoothies)"",""pinch cinnamon"",""pinch pumpkin pie spice"",""1 tbsp raw hulled pecans, pepitas, walnuts (or any nut)"",""whipped cream or dairy free cream (optional) (for topping)""],']"
51,Chicken Cacciatore,10,45,6,288.0,43.0,4.5,22.5,Chicken Cacciatore is a rustic Italian chicken dish made with bell peppers and mushrooms simmered in tomato sauce. ,"['[""6  chicken thighs ((or on the bone) skinned and trimmed)"",""olive oil spray"",""1  red bell pepper (chopped)"",""1 cup chopped mushrooms"",""1\\/2  onion (chopped)"",""2  garlic cloves (finely chopped)"",""1  (28-ounce) can crushed tomatoes"",""1\\/4 cup fat free chicken broth (more if needed)"",""1 tsp dried oregano leaves"",""1\\/4 cup fresh chopped basil leaves"",""salt and freshly ground black pepper"",""6 cups cooked whole wheat pasta""],']"
52,Summer Vegetables with Sausage and Potatoes Skillet,10,50,4,307.0,33.5,10.5,21.0,"This easy one-pot skillet dinner is made with chicken sausage, bell peppers, zucchini, baby red potatoes and fresh herbs.","['[""2 tsp olive oil"",""1 lb baby red potatoes (cut in half or quartered)"",""1\\/2 tsp garlic powder"",""1 tsp kosher salt"",""fresh cracked pepper (to taste)"",""14 oz Italian chicken sausage (sliced 1-inch thick)"",""1  large onion (chopped)"",""4-5 cloves garlic (smashed with the side of the knife)"",""1\\/2  orange bell pepper (diced 1-inch squares)"",""1\\/2  yellow bell pepper (diced 1-inch squares)"",""1  red bell pepper (diced 1-inch squares)"",""2 tbsp fresh rosemary (or other fresh herb such as thyme)"",""2 cups zucchini (1\\/2 inch thick and quartered)""],']"
54,Spicy Sriracha Tofu Rice Bowls,15,15,2,453.0,38.0,20.0,29.0,These Spicy Sriracha Tofu Rice Bowls make a flavorful protein-packed meatless meal that comes together quickly!,"['[""14 oz extra firm tofu (drained)"",""1 tablespoon plus 2 teaspoons gluten-free Tamari ((or soy sauce) divided)"",""4 teaspoons sriracha (divided)"",""1 tablespoon sesame oil (divided)"",""1  medium scallion (chopped, white and green parts separated)"",""2 teaspoons Thai sweet chili sauce"",""1 cups cooked brown rice"",""1\\/2 cup warmed shelled edamame"",""1\\/2 teaspoon multi color sesame seeds""],']"
56,"Sausage, Pepper and Onion Stromboli (Stuffed Sausage Bread)",10,50,8,272.0,43.5,5.5,12.5,"This easy Sausage, Pepper and Onion Stromboli (Stuffed Sausage Bread) is stuffed with Italian chicken sausage, peppers, onions, spicy pomodoro fresco, and mozzarella cheese.","['[""16 ounces pizza dough (from a little more than half of 1 Delallo pizza dough kit)"",""1 teaspoon olive oil"",""1\\/2  medium onion"",""1\\/2  red bell pepper (sliced 1\\/4 inch thick)"",""1\\/3 cup Delallo Spicy Arrabiatta Pomodoro Fresco"",""2  Italian Chicken Sausage Links (5 1\\/2 ounces total removed from casing)"",""3\\/4 cup part-skim shredded mozzarella cheese"",""1  egg white (beaten)"",""sesame seeds (optional for topping)""],']"
57,Oven Fried Chicken,15,45,6,158.0,15.0,5.0,14.5,This oven “fried” chicken is extra crispy from a secret ingredient – bran flakes! It’s moist yet still light since little oil is used. You can also make it in the air fryer!,"['[""6 large bone-in drumsticks (skin removed)"",""2 1\\/2 cups bran flakes ((use gluten-free corn flakes for GF))"",""3 tsp kosher salt (less if you are using regular salt)"",""1\\/2 tsp garlic powder"",""1\\/2 tsp paprika"",""1\\/2 tsp fresh black pepper"",""1\\/2 tsp cayenne pepper"",""5 tbsp Hellman\'s light mayonnaise"",""1 tsp Dijon mustard"",""Oil spray""],']"
58,Portuguese Seafood Stew,5,20,4,447.0,16.5,10.5,59.5,"Portuguese Seafood Stew made with clams, shrimp, scallops and chorizo comes together in minutes! ","['[""3  dozen little neck clams (scrubbed and clean)"",""1 lb large shrimp (peeled and deveined)"",""1 lb bay scallops"",""1 tbsp extra virgin olive oil"",""4 cloves garlic (minced)"",""1\\/2  onion (chopped)"",""1.75 oz 1 link chorizo sausage, sliced"",""1 large ripe tomato (diced)"",""3\\/4 cup dry white wine (I used Pinot Grigio)"",""1\\/4 cup water"",""1  bay leaf"",""1\\/2 cup fresh parsley (finely chopped)"",""kosher salt and fresh pepper to taste""],']"
59,Air Fryer Roasted Cauliflower Tacos,10,15,2,284.0,22.5,21.5,8.5,"When you want meatless tacos, try these roasted cauliflower tacos made in the air fryer!","['[""4 cups cauliflower florets"",""2 tablespoons olive oil"",""1\\/2 teaspoon Tajin"",""1\\/2 teaspoon smoked paprika"",""1\\/2 teaspoon kosher salt"",""6  street taco size tortillas (I used Mr Tortilla low carb)"",""pickled red onions (for topping (see below))"",""6 tablespoons Peruvian Green Sauce (for topping)"",""sour cream (optional)"",""cilantro (for garnish)"",""1  red onion (peeled and sliced into rounds)"",""1\\/2 cup apple cider vinegar"",""1\\/3 cup water"",""1 tablespoon cane sugar or maple"",""1 teaspoon kosher salt"",""2  bay leaves""],']"
62,Spiced Rubbed Grilled Salmon with Black Beans Corn Salsa,10,15,4,442.0,39.0,13.0,43.5,Grilled salmon seasoned with a smokey rub served with a fresh black beans and corn salsa. ,"['[""1 tsp smoked paprika"",""1 1\\/2 tsp brown sugar"",""1\\/2 tsp chipotle chili powder"",""1\\/2 tsp ground cumin"",""1\\/2 tsp kosher salt"",""1\\/4 tsp black pepper"",""1\\/2 tsp unsweetened cocoa powder"",""1  lime (juice of)"",""4 6 oz  Alaskan wild salmon fillets"",""olive oil spray"",""lime wedges for serving"",""15.5 oz can black beans (drained and rinsed)"",""2 cups frozen or fresh corn kernels (thawed if frozen)"",""1\\/4 cup red onion (minced)"",""3 tbsp finely minced cilantro"",""1 tsp olive oil"",""2 tbsp fresh squeezed lime juice"",""kosher salt to taste""],']"
63,Strawberry Scones,30,20,8,201.0,32.0,6.5,4.5,"Strawberry Scones made lighter, a wonderful breakfast and a delicious way to use up fresh summer strawberries!","['[""1 cup fresh strawberries (cut into small pieces)"",""1 cup all purpose flour"",""1 cup whole wheat flour"",""1\\/4 cup sugar plus 1 tsp for topping"",""1\\/4 tsp salt"",""2 tsp baking powder"",""1\\/4  cup (half stick) frozen butter"",""3\\/4 cups 1% light buttermilk (cold)"",""1 tsp vanilla""],']"
65,Cilantro Chicken Salad,10,0,2,160.5,3.0,6.0,23.0,"This easy chicken salad recipe is made with scallions, cilantro with a hint of lime. It&#39;s a tasty twist on traditional chicken salad with some Latin flavor!","['[""7 oz cooked chicken breast (shredded or diced)"",""2 tbsp light mayonnaise (full fat for Keto)"",""1  small scallion (chopped)"",""2 tsp lime juice"",""2 tbsp chopped cilantro"",""kosher salt and pepper"",""1\\/8 teaspoon garlic powder"",""1\\/8 teaspoon cumin"",""1\\/8 teaspoon chile powder"",""low sodium chicken broth (check labels for Keto or use bullion)""],']"
66,"Grilled Steak With Tomatoes, Red Onion and Balsamic",15,15,8,198.0,3.0,9.0,25.0,"This Grilled Steak topped with fresh chopped tomatoes, red onion, balsamic vinegar, and olive oil is one of my favorite ways to make steak in the summer.","['[""2 lb flank or london broil steak"",""1 1\\/2 teaspoons kosher salt and fresh black pepper (to taste)"",""garlic powder"",""1 tbsp extra virgin olive oil"",""2 tbsp balsamic vinegar"",""1\\/3 cup red onion (chopped)"",""3 to 4 medium tomatoes (chopped (about 3 1\\/2 cups))"",""1 tbsp fresh herbs such as oregano (basil or parsley)""],']"
67,Baby Red Potato Salad,15,10,6,107.2,17.8,3.2,2.2,"This Baby Red Potato Salad is the perfect potluck side, or lunch side for summer BBQs or a picnic. It’s light and easy to make with lots of fresh flavor.","['[""4 cups baby red potatoes (cut in small pieces)"",""1\\/2 cup green bell pepper (finely diced)"",""1\\/4 cup red onion (finely diced)"",""3  scallions (diced)"",""1 1\\/2 tsps Dijon mustard"",""1 tbsp extra virgin olive oil"",""1 tbsp red wine vinegar"",""1 tbsp reduced fat mayonnaise"",""salt and fresh pepper""],']"
72,Grilled Bruschetta Chicken,5,10,4,282.0,7.0,11.0,38.5,"Grilled Chicken Bruschetta is a summer staple in my house! Basically a caprese made with juicy tomatoes, mozzarella, basil, red onion, garlic and balsamic, a delicious weeknight meal!","['[""3  medium vine ripe tomatoes"",""2  small cloves garlic (minced)"",""1\\/4 cup chopped red onion"",""2 tbsp fresh basil leaves (chopped)"",""1 tbsp extra virgin oil"",""1 tbsp balsamic vinegar"",""kosher salt and fresh cracked pepper to taste"",""3 oz part skim mozzarella (diced (omit for whole30, paleo))"",""1.25 lbs 8 thin sliced chicken cutlets""],']"
73,Caesar-Marinated Chicken Kabobs with Zucchini and Grilled Romaine,20,20,4,289.0,9.5,10.0,40.5,Caesar-Marinated Chicken Kabobs with Zucchini and Grilled Romaine,"['[""2  anchovy fillets (finely chopped)"",""1  small garlic clove (minced or grated)"",""\\u2153 cup grated Parmigiano Reggiano"",""\\u00bc cup fresh lemon juice"",""5 Tbsp 0% Stonyfield Organic Greek Yogurt"",""1 Tbsp extra-virgin olive oil (plus more if needed for the romaine)"",""1 \\u00bd tsp Dijon mustard"",""\\u00bd tsp freshly ground black pepper"",""1 \\u00bc pounds skinless boneless chicken breast or thighs (cut into 1-inch cubes)"",""8  long wooden or metal skewers"",""1  zucchini"",""1  large or 2 small heads romaine"",""\\u00bd tsp kosher salt"",""Cooking spray""],']"
74,Grilled Shrimp Panzanella Skewers,20,10,4,216.0,18.0,3.0,28.0,"Grilled Shrimp Panzanella Skewers, layered with summer peaches, tomatoes, and sourdough bread, finished with balsamic and fresh basil.","['[""32  jumbo peeled shrimp (18 oz total)"",""\\u00bd tsp kosher salt"",""2  large peaches"",""1 cup grape tomatoes"",""1  thick slice sourdough bread (cut into 3\\/4-inch cubes (2 oz))"",""16  long wooden or metal skewers"",""Cooking spray"",""1  handful fresh basil leaves"",""Balsamic vinegar or glaze (for serving)""],']"
75,"Ground Turkey Skillet with Zucchini, Corn, Black Beans and Tomato",10,15,4,266.0,22.5,8.5,28.0,"This quick, one-pot Ground Turkey Skillet with zucchini, corn, tomatoes, and black beans is great for weeknight dinner or meal prep!","['[""14 ounces from 2 medium or 1 large zucchini, quartered and sliced 3\\/4 inch"",""1 pound 93% lean ground turkey"",""1\\/4 cup chopped onion"",""1 tablespoon tomato paste"",""3\\/4 cups canned black beans (rinsed and drained)"",""3\\/4 cups corn kernels (fresh or frozen)"",""1 large diced tomato"",""1  jalape\\u00f1o (diced)"",""1 cloves garlic (minced)"",""2 tbsp chopped cilantro (plus more for garnish)"",""1 1\\/4 teaspoon cumin"",""1 1\\/4 teaspoon kosher salt"",""1\\/4 cup water"",""lime wedges (optional)""],']"
77,Asparagus and Swiss Cheese Frittata,10,30,4,243.0,9.0,15.0,19.0,"Spring asparagus, shallots and Swiss cheese is a delicious combination with eggs in this slimmed down frittata which is perfect for breakfast, lunch or dinner!","['[""1\\/2 lb asparagus (tough ends trimmed off)"",""1\\/2 cup shallots (chopped)"",""2 teaspoons salted butter"",""5  large eggs"",""4  large egg whites ((1\\/2 cup))"",""2 tbsp fresh grated Pecorino Romano"",""3 oz part-skim Swiss cheese"",""1\\/2 tsp kosher salt and fresh pepper to taste""],']"
78,Arroz Congri (Cuban Rice and Black Beans),5,30,5,143.0,27.5,2.5,6.5,Arroz Congri is a Cuban black beans and rice dish using canned black beans that can be served as a side dish or meatless main dish. ,"['[""2 tsp olive oil"",""1\\/2 cup chopped green bell pepper (chopped)"",""1\\/2 cup chopped red bell pepper (chopped)"",""small onion (chopped)"",""2 cloves garlic (minced)"",""1 cup uncooked long grain rice"",""15 oz can black beans (I use Goya (don\'t drain))"",""1 1\\/2 cups water"",""1\\/2 tsp cumin"",""1  bay leaf"",""pinch oregano"",""salt and pepper to taste""],']"
79,Tuna Pasta Salad,10,0,2,271.5,23.0,10.5,24.5,This Mayo-less Tuna Pasta Salad is the answer if you’re not a fan of mayonnaise and love a cold tuna pasta salad for lunch on a hot summer day.,"['[""5 oz canned albacore tuna (drained)"",""1 tbsp capers (drained)"",""1 tbsp extra virgin olive oil"",""1 tbsp red wine vinegar"",""2 cups arugula"",""1 cup cooked whole wheat pasta (from 2 oz dry (or GF pasta))"",""fresh black pepper"",""1\\/2 oz fresh shaved Parmesan""],']"
80,Grilled Flank Steak with Black Bean and Corn Salsa,10,20,6,250.0,9.0,9.5,25.5,"Grilled Flank Steak with a tomato, corn and black bean salsa, an easy flavorful weeknight dish!","['[""1 1\\/2 lb flank steak"",""1\\/2 tsp cumin"",""2  garlic cloves (crushed)"",""1\\/2 tsp kosher salt"",""fresh cracked pepper to taste"",""3 tbsp red onion (minced)"",""1 tsp olive oil"",""1\\/4 cup fresh squeezed lime juice"",""2 medium vine ripe tomatoes (diced)"",""1 cup canned black beans (drained and rinsed)"",""1 cups frozen corn kernels (fresh is fine)"",""2 tbsp finely minced cilantro"",""kosher salt and fresh pepper to taste""],']"
83,Triple Berry Crisp,15,40,8,152.0,29.5,4.5,2.0,"When summer berries are at their peak, make this warm berry crisp and enjoy it with a scoop of frozen yogurt or whipped cream. ","['[""1 1\\/2 cups sliced strawberries"",""1 1\\/2 cups blueberries"",""1 1\\/2 cups raspberries"",""1\\/4 tsp cinnamon"",""1 tsp lemon zest"",""2 tsp cornstarch"",""1\\/4 cup sugar or agave (I use organic)"",""1 cup Quaker quick oats ((check labels for gluten-free))"",""3 tbsp light brown sugar (not packed)"",""3\\/4 tsp cinnamon"",""2 1\\/2 tbsp melted butter""],']"
84,Air Fryer Chicken Sandwich with Sriracha Mayo,15,18,4,334.0,31.0,8.0,35.0,"This spicy, Air Fryer Chicken Sandwich inspired by Chick-fil-a is made with lean chicken breast brined in pickle juice and buttermilk, served with pickles and sriracha mayo – SO good!","['[""2  boneless, skinless chicken breasts (16 ounces )"",""1 cup 1% buttermilk"",""1 cup pickle juice"",""1  large egg (beaten)"",""Kosher salt"",""1\\/2 cup all purpose flour"",""1\\/2 teaspoon garlic powder"",""1\\/2 teaspoon paprika"",""1\\/8 teaspoon cayenne pepper"",""olive oil spray"",""4 tablespoons light mayo"",""1 tablespoon sriracha"",""12  dill pickle chips"",""4  whole wheat potato rolls (such as Martins)""],']"
85,Ambrosia Salad,15,0,11,163.0,26.0,7.0,1.5,"This lighter Ambrosia Salad, full of fresh fruit, whipped cream, walnuts, and marshmallows, is the perfect Spring or Summer dessert.","['[""1 cup mandarin oranges"",""1 cup fresh pineapple (diced)"",""1 cup blueberries"",""1 cup blackberries"",""1 1\\/2 cup strawberries (sliced)"",""2  medium bananas (sliced)"",""1\\/2 cup chopped walnuts"",""4 tbsp sweetened shredded coconut flakes"",""1 cup mini marshmallows"",""8 oz Tru Whip Skinny (or Coco Whip Light)""],']"
87,Watermelon Feta Salad,15,0,12,85.0,9.5,4.0,3.5,"This easy Watermelon Feta Salad, made with only four ingredients, is a summer staple at your next summer BBQ!","['[""9 cups watermelon (cut in large circles with a melon baller)"",""2  loose cups baby arugula"",""8 to 10  fresh spearmint leaves (chopped)"",""8 ounce package feta cheese (crumbled in large chunks)""],']"
90,Bisteces a la Mexicana (Mexican Style Beef Stew),10,45,8,227.0,5.5,11.5,24.0,"Bisteces a la Mexicana is a flavorful Mexican-style beef stew that cooks on low heat with tomatoes, jalapenos, onion, and Mexican herbs and spices.","['[""2 pounds top sirloin (diced into 3\\/4 inch cubes)"",""2 teaspoons kosher salt"",""1 tablespoon olive oil"",""1  large white onion (sliced 1\\/4 inch thick sliced, halved (2 cups))"",""4  jalapenos (stemmed and sliced (remove seeds for mild, leave in for spicy))"",""1 teaspoon dried oregano"",""1 teaspoon ground cumin"",""2 cups petite diced tomatoes and their juices (from 2 cans)"",""1\\/2 cup cilantro (chopped)"",""warm soft corn tortillas"",""cooked rice"",""pickled jalapenos""],']"
91,Cheeseburger Crunch Wrap,5,15,2,354.0,22.0,18.5,33.0,"This Cheeseburger Crunch Wrap is so easy, stuffed with classic burger ingredients and wrapped in a crunchy tortilla. Use any burger meat you wish here!","['[""8 ounces 93% ground turkey"",""3\\/4 teaspoon kosher salt"",""2  large (10-inch low-carb tortillas (Tumaros))"",""2 slices American or cheddar ((.7 ounces each))"",""2 tablespoons ketchup"",""1 tablespoon golden mustard"",""dill pickle and red onion slices"",""shredded lettuce"",""olive oil spray"",""Add air fryer french fries or chips (if desired (extra))""],']"
92,Grilled Vegetable Orzo Pasta Salad,10,15,5,267.0,39.5,9.0,6.5,"Grilled vegetables from the farmers market shine in this orzo pasta salad, perfect as a side dish or meatless main.","['[""1 1\\/4 cups uncooked orzo pasta (wheat or gluten-free)"",""1 cup chopped cherry tomatoes"",""1 clove minced garlic"",""extra virgin olive oil spray"",""1  small red onion (quartered)"",""1  red bell pepper (seeded and sliced into 4 pieces)"",""1  yellow bell pepper (seeded and sliced into 4 pieces)"",""1  large (10 ounce zucchini, sliced into 1\\/4 inch thick rounds)"",""kosher salt"",""black pepper (to taste)"",""2 tablespoons red wine vinegar"",""3 tablespoons extra virgin olive oil"",""1\\/4 cup chopped basil""],']"
94,Pico de Gallo Salsa,5,0,4,36.5,8.0,0.5,1.0,"Pico de gallo is a type of raw salsa traditionally made from chopped tomato, onion, and jalapeno or serrano peppers, with salt, lime juice, and cilantro. ","['[""4  medium ripe tomatoes (chopped)"",""1\\/2 cup finely chopped white onion"",""1-2  jalape\\u00f1o or serrano pepper (seeded and finely chopped)"",""1\\/4 cup finely chopped fresh cilantro leaves (no stems)"",""2 tbsp fresh lime juice"",""kosher salt and pepper (to taste)"",""2 tbsp chopped red bell pepper ((optional))"",""1 clove garlic (minced (optional))""],']"
95,Quick Cuban Style Black Beans,5,20,4,114.0,20.0,3.0,7.0,"These are my go-to Cuban Style Black Beans when I want a quick side dish from canned beans to go with rice and steak, <a href=""https://www.skinnytaste.com/2011/01/skinny-slow-cooked-pernil-puerto-rican.html""></a>pernil, chicken and more.","['[""2 tsp olive oil"",""1\\/2  onion"",""2 cloves garlic"",""2  scallions"",""2 tbsp red bell pepper"",""3 tbsp cilantro"",""15 oz can black beans (do not drain (I prefer Goya))"",""1\\/2 cup water (or more if needed)"",""1  bay leaf"",""few pinches cumin (to taste)"",""pinch oregano"",""1 tsp red wine vinegar"",""salt and black pepper to taste""],']"
96,Strawberries and Yogurt Whipped Cream,15,0,4,125.0,13.0,7.5,2.5,This lighter Strawberries and Cream folds Greek yogurt right into the whipped cream for a healthier (and yummier) spin on the classic!,"['[""24  strawberries (stemmed and halved)"",""2 tablespoons sugar"",""1\\/3 cup chilled whipping cream"",""1\\/2 teaspoon pure vanilla extract"",""1\\/3 cup Stonyfield Organic 0% plain Greek yogurt""],']"
97,Low-Yolk Egg Salad,5,20,2,122.0,2.0,7.6,9.5,"This easy, low-yolk egg salad is made with a mix of whole eggs and egg whites with a little mayo and scallions. Serve this on your favorite whole grain bread, in a wrap or lettuce wrap.","['[""4 large hard boiled eggs (peeled )"",""4 teaspoons light mayonnaise (*check labels for whole30)"",""1\\/2 teaspoon Dijon mustard"",""2 tbsp chopped green scallions or chives"",""kosher salt and fresh pepper to taste""],']"
98,Air Fryer Bacon Wrapped Pork Tenderloin,10,20,6,153.0,0.5,4.0,26.5,This quick and simple Bacon-Wrapped Pork Tenderloin cooked in the air fryer is perfect for weeknight dinners and packed with so much flavor!,"['[""1\\/2 teaspoon kosher salt"",""1\\/4 teaspoon ground black pepper"",""1  pork tenderloin (about 1 1\\/2 lbs)"",""6  center cut strips bacon"",""cooking string""],']"
100,Turkey Picadillo,5,25,4,238.0,7.5,11.0,29.0,"Turkey Picadillo is a lighter alternative to my favorite Cuban beef <a href=""https://www.skinnytaste.com/picadillo-6-ww-pts/"">picadillo</a> recipe only much leaner, and made with ground turkey instead.","['[""1.33 lb 93% lean ground turkey"",""4 oz tomato sauce ((1\\/2 can))"",""1 tsp kosher salt"",""1 tsp ground cumin"",""2 small bay leaves"",""2 tbsp green Spanish pitted olives (plus 2 tbsp brine)"",""1  medium tomato"",""1\\/2  medium onion (finely chopped)"",""2 cloves minced garlic"",""2 tbsp red bell pepper (finely chopped)"",""2 tbsp cilantro (optional)""],']"
101,"Farro Salad with Feta, Cucumbers and Sun-dried Tomatoes",10,20,4,241.0,39.0,6.5,9.0,"This farro salad is made with Mediterranean ingredients – cucumbers, tomatoes, lemon juice, feta, and mint – delicious as a side dish or even for lunch!","['[""1 cup uncooked pearled farro"",""2 tbsp minced red onion"",""1\\/4 cup minced sun-dried tomatoes"",""1\\/4 cup fresh grated feta"",""2\\/3 cup finely chopped cucumber (seeds removed)"",""1\\/4 cup finely chopped bell pepper"",""1 tbsp fresh lemon juice"",""1 tbsp olive oil"",""1 tbsp finely chopped mint or parsley"",""kosher salt and fresh cracked pepper to taste""],']"
102,Easy (10-minute) Waffled Salmon Cakes,5,10,2,169.0,5.5,6.5,22.0,"These easy waffled Salmon Cakes, made with pantry and refrigerator staples are cooked in a waffle maker – only 10 minutes from start to finish! ","['[""1 6-oz can wild salmon"",""1 large egg"",""3 tablespoons seasoned panko (or gluten-free)"",""1 tablespoon Franks hot sauce"",""1 tablespoon light mayo"",""1 teaspoon Dijon mustard"",""2 tablespoons chopped scallions"",""olive oil spray"",""lemon wedges (for serving)""],']"
104,Coconut-Poached Chicken with Bok Choy and Mushrooms,10,20,4,321.0,12.0,12.0,42.0,"Coconut-Poached Chicken with Bok Choy and Mushrooms served with a cucumber sesame salad is SO simple, fast and flavorful.","['[""4  small organic boneless (skinless breasts (6 oz each))"",""1 teaspoon Kosher salt"",""2  heads baby bok choy or \\u00bd head bok choy (3 cups total)"",""1 tbsp olive oil"",""4- oz package shiitake mushrooms (stemmed)"",""1- in piece fresh ginger (minced or grated)"",""2 cloves garlic (minced)"",""1  small fresh hot pepper (such as bird\\u2019s eye or \\u00bd tsp red pepper flakes (optional))"",""2\\/3 cup full fat coconut milk"",""2\\/3 cup chicken broth"",""Cooked rice or quinoa for serving (optional)"",""1  lime (cut into wedges)"",""1  large cucumber (preferably English (about 10 oz))"",""\\u00bd teaspoon kosher salt"",""1 \\u00bd teaspoons lime juice or rice vinegar"",""1 teaspoon sesame oil"",""1 teaspoon black sesame seeds"",""\\u00bc teaspoon red pepper flakes""],']"
106,Ahi Tuna Poke Stacks,20,0,2,561.0,37.5,24.5,48.5,"Ahi Tuna Poke Rice Stacks with layers of chunks of sushi-grade tuna, avocado, cucumbers, spicy mayo, and rice layered in fun easy stacks.","['[""12 ounces raw sushi grade tuna (cubed small)"",""3 tablespoons reduced sodium soy sauce (or gluten-free tamari, liquid aminos)"",""1 1\\/2 teaspoon sesame oil"",""1 teaspoon sriracha"",""1  scallion (sliced)"",""1 cup cooked short-grain brown rice (heated)"",""1 tablespoon rice vinegar"",""1 cup peeled and diced cucumber (about 1 medium)"",""1\\/2 cup mashed avocado (about 1 medium)"",""4 teaspoons Furikake (such as Eden Shake or use sesame seeds)"",""4 teaspoons reduced-sodium soy sauce (or gluten-free)"",""4 teaspoons mayonnaise"",""1 teaspoon sriracha sauce""],']"
107,Navel Orange Salad with Avocado,15,0,4,278.5,24.0,20.0,3.0,This Navel Orange Salad with Avocados and a Citrus Vinaigrette is a simple yet delicious salad bursting with orange flavor. ,"['[""3 cups mixed baby greens"",""4  navel oranges (peeled)"",""6 oz haas avocados (from 1 large or 2 small, sliced)"",""1\\/4 cup sliced red onion"",""Kosher salt and pepper"",""3 tablespoons fresh squeezed orange juice (plus 1 teaspoon zest)"",""2 1\\/2 tablespoons red wine vinegar"",""1\\/4 cup olive oil"",""1 teaspoon Dijon mustard"",""1 teaspoon honey (omit for whole30)"",""Kosher salt and freshly cracked black pepper to taste""],']"
108,Asparagus and Feta Tartlet with Phyllo Crust,15,35,6,91.0,7.5,5.0,4.5,"These Asparagus and Feta Tartlets with Phyllo Crust are so easy to make – the perfect Spring appetizer, brunch, or lunch dish!","['[""12  medium asparagus (about 4 ounces)"",""2  olive oil spray (divided, plus)"",""2  garlic cloves (finely chopped)"",""1 tablespoon lemon juice"",""1\\/4 teaspoon salt"",""1\\/4 teaspoon freshly ground black pepper"",""1  1\\/3 ounces feta cheese (crumbled)"",""6 tablespoons half and half"",""1  large egg"",""1 tablespoon chopped fresh dill"",""4  phyllo sheets""],']"
109,Spring Pea and Fresh Herbs Soup,5,10,4,160.0,20.5,6.0,6.5,This Spring Pea and Fresh Herbs Soup with mint and tarragon is finished with a lemony yogurt topping.,"['[""1 1\\/2 tablespoons extra virgin olive oil"",""10  scallions (thinly sliced)"",""1 1\\/2 tablespoons chopped fresh tarragon or basil"",""3 cups fresh or frozen green peas"",""3 cups vegetable broth"",""2 tablespoons chopped fresh mint"",""1  lemon (zested and juice reserved)"",""3\\/4 to 1 teaspoon kosher salt"",""1\\/4 teaspoon freshly ground black pepper"",""3 tablespoons whole yogurt"",""1\\/4 teaspoon ground coriander""],']"
110,Protein PB & J Smoothie Bowl,5,0,1,268.0,30.5,11.0,14.5,"This Protein PB &amp; J Smoothie Bowl tastes like peanut butter and jelly in a bowl. Packed with protein, it’s the perfect start to your day!","['[""1\\/4 cup almond (oat or milk of your choice)"",""2\\/3 cup frozen blueberries (put your blueberries in the freezer!)"",""2\\/3 cup sliced strawberries (frozen)"",""1  scoop vanilla protein powder"",""1 tbsp peanut butter"",""Optional toppings: 1 tablespoon melted peanut butter for drizzling, (blueberries, chia seeds)""],']"
111,Layered Potato Cups with Spring Herbs and Leeks ,20,45,6,171.0,31.0,3.5,6.0,These Layered Potato Cups with Spring Herbs and Leeks are an impressive side dish for special occasions but simple enough to make for everyday meals.,"['[""Olive oil spray"",""4 cups sliced leeks (sliced 1\\/4-inch thick (from about 3 to 4\\u2014white and lighter green parts only))"",""1 3\\/4 teaspoons kosher salt"",""3\\/4 teaspoons freshly ground black pepper"",""2 pounds Yukon Gold potatoes (peeled and sliced 1\\/16 inch thick*)"",""1 tablespoon chopped fresh thyme"",""1 tablespoon fresh chopped parsley (plus more for garnish)"",""3 1\\/2 ounces garlic and herb cheese (such as Alouette Garlic Herb Spread Cheese, Goat Cheese or Boursin)""],']"
112,Spicy Crunchy Tuna Tartare,15,0,4,197.6,7.9,10.3,18.6,"Spicy Crunchy Tuna Tartare is my favorite restaurant appetizer that&#039;s so easy to make yourself and will impress your guests! Made with tuna, avocado and some panko for crunch.","['[""8 oz sushi grade ahi tuna (finely chopped)"",""2 tsp pure sesame oil"",""1 tsp rice wine"",""2 tsp fresh lime juice"",""2 tsp soy sauce (or gluten-free tamari)"",""1 tsp sriracha"",""2 tbsp chives (minced)"",""2 tbsp panko crumbs"",""1  ripe (firm hass avocado, diced)"",""1 tsp black and white sesame seeds""],']"
114,Spanakopita Baked Eggs,10,25,4,198.0,13.5,11.0,15.0,"These Baked Eggs are inspired by the Greek spinach pie Spanakopita Baked Eggs using the same flavorful spinach filling, cooked with onions, fresh dill, and feta as a base only baked with eggs.","['[""1-1\\/2 lbs frozen spinach (thawed [24 ounces])"",""1 tsp olive oil"",""1\\/2  medium yellow onion (thinly sliced [1 1\\/2 cups])"",""1 tsp kosher salt"",""1\\/2 cup chopped scallions  ([3-5 scallions depending on the size])"",""1\\/2 cup chopped dill"",""3\\/4 cup crumbled feta"",""Juice of 1 lemon"",""Black pepper (to taste)"",""4  large eggs""],']"
115,Cacio e Pepe Frittata with Lemony Yogurt and Arugula Salad,10,50,6,277.0,5.5,18.5,20.0,"This creamy and delicious Cacio e Pepe Frittata is a fun twist on the Italian classic pasta dish. A protein- packed breakfast, lunch or dinner.","['[""12  large eggs"",""\\u00be cup freshly grated Pecorino Romano or Parmigiano Reggiano (plus more for serving)"",""1 \\u00bc cups Stonyfield Organic Whole Milk Greek Yogurt  (divided)"",""2 tsp freshly ground black pepper (plus more for serving)"",""1 tsp kosher salt"",""1 small head cauliflower"",""2 Tbsp extra-virgin olive oil"",""4 cups baby arugula"",""1  lemon""],']"
116,Quick Spicy Peanut Palmini Noodle Stir Fry,5,10,1,414.0,26.5,26.5,17.0,"This easy, vegetarian Hearts of Palm Noodle Peanut Stir Fry for one is made with a spicy peanut sauce, spinach, and egg – under 15 minutes and so good!","['[""1 tbsp sesame oil (divided)"",""1 clove garlic (minced)"",""1 -1\\/2 teaspoons fresh ginger"",""1 12 ounce package Palmini (hearts of palm) linguini"",""1 tbsp low sodium soy sauce (or liquid aminos for whole30)"",""1 teaspoon sriracha"",""1-1\\/2 cups baby spinach"",""1 tablespoon peanut butter (or almond butter for whole30)"",""1  large egg"",""sesame seeds (for topping)"",""scallions (for garnish)""],']"
117,Flaugnarde of Mixed Berries (Clafoutis),15,45,8,167.5,33.0,2.3,4.4,"This warm berry custard called a Flaugnarde, similar to clafoutis, may sound fancy, but you won’t believe how easy it is to whip up! ","['[""2 1\\/2 cups mixed fresh berries (such as blackberries, blueberries, raspberries)"",""3 large eggs"",""10 tbsp light agave nectar (or sugar)"",""1\\/2 cup unbleached all-purpose flour (sifted)"",""1\\/8 tsp salt"",""1 cup 1% milk"",""2 tsp vanilla extract"",""powdered sugar for dusting"",""baking spray""],']"
118,High Protein Oat Waffles,10,5,5,121.0,12.0,4.5,8.5,"These high protein waffles are made with cottage cheese, oat flour and eggs. So good you&#039;ll never make them any other way!","['[""2\\/3 cup 4% milk fat small curd cottage cheese"",""2  large eggs (separated)"",""1 teaspoon vanilla extract"",""1 tablespoon sugar ((optional))"",""1 cup oat flour (or grind old-fashioned rolled oats in blender)"",""1\\/2 teaspoon baking powder"",""1\\/4 teaspoon kosher salt""],']"
119,Pork Chops and Pears with Spicy Mustard Greens,10,15,4,372.0,12.5,17.5,39.0,Juicy pork chops are topped with pears in an orange-sage sauce and served with spicy mustard greens for a healthy dinner.,"['[""1\\/4 teaspoon kosher salt (plus more to taste)"",""black pepper to taste"",""4  boneless center cut pork chops, trimmed of excess fat (6-ounce, about 3\\/4-inch thick each )"",""1 pound mustard greens (or spinach, chard, etc)"",""1 tablespoon olive oil (divided)"",""2 large  garlic cloves (chopped)"",""1\\/2 teaspoon crushed red pepper"",""1 1\\/2 medium firm D\\u2019Anjou pears (cut into 16 wedges)"",""1\\/4 cup fresh orange juice"",""4 medium  fresh sage leaves (thinly sliced)""],']"
120,Air Fryer Lobster Jalapeno Empanadas,10,20,8,165.0,21.5,5.0,9.5,These spicy Air Fryer Lobster Jalapeño Empanadas are crispy and golden perfection without all the oil used in deep frying.,"['[""8  frozen empanada discs (thawed)"",""1 teaspoon unsalted butter"",""2 tablespoons diced onion"",""1  jalapeno (minced)"",""8 ounces roughly chopped raw lobster meat (I buy frozen claws from Crowd Cow)"",""2 tablespoons chopped chives"",""1 large egg white (beaten)"",""1  lime cut unto wedges (for serving)""],']"
121,"“Fried"" Oreos",3,12,6,107.0,16.0,3.5,3.0,"These quick and easy, “Fried” Oreos made with protein pancake batter and Oreo Thins are the perfect light treat when you&#039;re craving something sweet!","['[""\\u00bd cup Birchbenders Protein pancake mix"",""6 tablespoons water"",""1\\/2 teaspoon vanilla extract"",""cooking spray"",""12  Oreo cookie thins"",""1 tablespoon confectioners\' sugar (or to taste)""],']"
122,"Salmon, Beet, and Arugula Salad with Pistachios and Pomegranates ",15,15,2,437.0,18.0,26.5,33.5,This beautiful heart-healthy salad makes salmon filets a focal point nestled atop the colorful salad with many textures.,"['[""1 Tbsp olive oil"",""Olive oil spray"",""1 tsp white wine vinegar"",""\\u00bd tsp Dijon mustard"",""\\u00bd pound wild salmon (cut into 2 fillets)"",""Kosher salt"",""3 cups arugula"",""1 cup cooked beets (6 to 8 oz, cut into small wedges*)"",""1 to 2  radishes (thinly sliced)"",""2 oz fresh goat cheese (crumbled)"",""2 Tbsp pistachios (toasted and chopped)"",""2 Tbsp pomegranate seeds"",""1 Tbsp capers""],']"
124,Skinny Caesar Dressing,5,0,4,91.0,2.5,6.5,6.0,"Easy, eggless Caesar Salad Dressing using the core ingredients which make up the classic: lemon + parmesan + anchovies, lightened up with Greek yogurt. ","['[""1\\/3 cup grated Parmigiano Reggiano"",""1\\/4 cup fresh lemon juice"",""1  small garlic clove"",""1\\/2 tbsp Dijon mustard"",""2  anchovy fillets"",""1 tbsp extra virgin olive oil"",""5 tbsp fat free Greek yogurt""],']"
125,Sheet Pan Teriyaki Salmon and Vegetables,15,20,2,326.0,17.0,17.0,27.0,"This easy, delicious Sheet Pan Teriyaki Salmon and Vegetables (I seriously devoured this, it was THAT good) is made all on one sheet pan and ready in 20 minutes! ","['[""2 cups bite-size broccoli florets"",""10  mini sweet rainbow peppers (seeded and halved)"",""1 tablespoon sesame oil"",""\\u00bc teaspoon kosher salt"",""Freshly ground black pepper (to taste)"",""2 (4-ounce) wild salmon filets"",""1 teaspoon sesame oil"",""1  garlic clove (grated)"",""\\u00bd teaspoon grated ginger"",""2 tablespoons reduced sodium soy sauce (or gluten-free soy sauce)"",""1 teaspoon unseasoned rice vinegar"",""1 teaspoon brown sugar"",""\\u00bd teaspoon toasted sesame seeds"",""1  large scallion (chopped)""],']"
126,Cheesy Eggplant Caprese Gnocchi Skillet,10,15,4,436.0,66.0,11.0,15.0,"Cheesy Eggplant Gnocchi Caprese is made with diced eggplant simmered in a garlicky tomato sauce with gnocchi, spinach, melted bites of fresh mozzarella and fresh basil. ","['[""16 oz package Delallo gnocchi (or gluten-free gnocchi)"",""1 tbsp olive oil"",""\\u00bd  large onion or 1 small onion (chopped)"",""1 tsp kosher salt"",""1 lb eggplant (diced)"",""2 cloves garlic (crushed)"",""5- ounce container baby spinach"",""1 tbsp tomato paste"",""28- oz can San Marzano Style crushed tomatoes"",""6 leaves fresh basil"",""6 oz small mozzarella cheese balls""],']"
128,One-Pot Spaghetti Puttanesca,5,15,4,293.0,48.0,7.0,9.0,"One-Pot Spaghetti Puttanesca is full of big, bold flavors from the anchovies, Kalamata olives, and capers – the trifecta for a winning puttanesca.","['[""1 tablespoon extra-virgin olive oil"",""4  garlic cloves (minced)"",""2 teaspoons unsalted tomato paste"",""3  anchovy fillets (finely chopped)"",""2 teaspoons fresh chopped oregano"",""1 1\\/2 tablespoon capers (divided)"",""2 cup unsalted chicken broth"",""8 ounces spaghetti"",""1\\/4 teaspoon crushed red pepper flakes (plus more to taste)"",""1 pint grape tomatoes (halved)"",""1\\/4 cup sliced Kalamata olives"",""1\\/4 cup chopped fresh parsley""],']"
129,Cottage Cheese Egg Bake (Frittata),5,25,4,233.0,2.0,15.0,21.5,"This protein-packed Cottage Cheese Egg Bake with spinach and chicken sausage is filling and delicious. Enjoy for breakfast, lunch, or dinner with a salad and some crusty bread.","['[""Cooking spray"",""1  link Italian chicken sausage (casings removed)"",""8  large eggs"",""1\\/2 cup 1% cottage cheese (I love Good Culture)"",""1\\/2 cup grated Pecorino Romano or Parmesan cheese"",""1 cup chopped baby spinach"",""3\\/4 teaspoon kosher salt"",""Freshly ground black pepper""],']"
133,Air Fryer Buffalo Chicken Zucchini Skins,15,10,8,80.0,3.5,3.0,9.5,You won’t miss the carbs in these low-carb zucchini skins loaded with buffalo chicken and cheese made in the air fryer!,"['[""2  large zucchini (about 9 ounces each)"",""olive oil spray"",""1\\/2 teaspoon salt"",""1\\/4 teaspoon garlic powder"",""1\\/4 teaspoon paprika"",""7 ounce shredded skinless chicken breasts (from rotiserie chicken or make in slow cooker)"",""1 ounces 1\\/3 less fat cream cheese (softened)"",""1\\/4 cup Franks hot sauce (plus more for drizzling on top)"",""4 teaspoons crumbled blue cheese or gorgonzola"",""1\\/4 cup light Blue Cheese or Ranch Dressing"",""2 tablespoons chopped scallions""],']"
135,Shrimp Dumpling Lettuce Wraps or Rice Bowls,15,5,4,201.0,9.5,6.5,25.5,This Shrimp Dumpling Lettuce Wraps or Rice Bowls recipe takes the shrimp dumpling filling and adds it into lettuce wraps or rice bowls – so good either way!,"['[""\\u00bc cup plus 3 Tbsp rice vinegar (divided)"",""2 tablespoons honey or sugar"",""1 cup shredded carrots"",""\\u00bc cup plus 1 tbsp low sodium soy sauce (divided (use gf soy sauce for GF))"",""2 cloves garlic (minced)"",""1 tablespoon sesame oil (plus 1 teaspoon more for cooking)"",""2- in piece fresh ginger (peeled and divided)"",""2  scallions"",""1 pound shrimp (peeled)"",""1 teaspoon sriracha (optional, plus more for serving)"",""1  head Bibb or endive lettuce (leaves separated)"",""3 cups brown rice (optional to make rice bowls)""],']"
136,Savory Cottage Cheese Bowl,5,0,1,221.0,19.0,8.0,25.0,This Savory Cottage Cheese Bowl topped with veggies and pistachios is a protein-packed breakfast that will keep you full all morning.,"['[""\\u00be cup low fat cottage cheese (I like Good Culture)"",""2 tablespoons minced chives or finely minced scallion greens (divided)"",""Freshly ground black pepper"",""\\u00bd cup sliced Persian cucumbers"",""\\u00bd  medium bell pepper (seeded and chopped)"",""10  halved grape tomatoes"",""1 tablespoon chopped (roasted shelled pistachios)"",""Kosher salt""],']"
139,"Baby Greens with Goat Cheese, Beets and Candied Pecans",10,0,4,267.0,19.0,19.5,7.0,"Beet and creamy goat cheese salad with crunchy, sweet pecans with a honey balsamic vinaigrette is like a symphony in your mouth. This salad will make you look like a culinary whiz!","['[""4 oz Chavrie goat cheese log"",""8 cups mixed baby greens"",""4  small red beets (cooked and cut*)"",""2 oz glazed pecans"",""2 tbsp balsamic"",""2 tbsp extra virgin olive oil"",""1 tbsp honey""],']"
141,Instant Pot Baked Ziti,4,20,4,452.0,64.0,12.5,24.0,Instant Pot Baked Ziti is an easy one pot meal made with whole wheat pasta and spinach. Perfect meatless main dish for the family!,"['[""1 teaspoon olive oil"",""3  garlic cloves (smashed with the side of a knife)"",""2 cups chopped baby spinach"",""2 cups water"",""3\\/4 teaspoon Kosher salt"",""10 ounces Delallo whole wheat pasta such as ziti or cavatappi (about 3 cups )"",""2 cups homemade or jarred marinara sauce"",""1\\/2 cup part skim ricotta"",""1\\/4 cup grated Pecorino Romano"",""1 cup part-skim mozzarella cheese (grated)""],']"
142,Shrimp & Andouille Sheet Pan Roast,10,30,4,374.0,18.0,18.0,38.0,"Shrimp and Andouille Sheet Pan Dinner with broccoli, mushrooms, bell pepper, onion, and celery seasoned with Cajun spices for a light and easy sheet pan meal.","['[""\\u00be pound large shrimp (peeled)"",""2 Tbsp olive oil (divided)"",""1 \\u00bd tsp Creole seasoning (divided)"",""1  small head broccoli"",""5 oz Baby Bella mushrooms"",""2 to 3  stalks celery"",""1  red bell pepper (sliced)"",""\\u00bd  large red onion (sliced)"",""\\u00be pound smoked sausage (preferably andouille, sliced)"",""\\u00bd tsp garlic powder"",""\\u00bc tsp cayenne pepper"",""1  lemon  (for serving)"",""Steamed rice (optional for serving)""],']"
143,High Protein Bread (Oat Sandwich Rolls),5,25,4,135.5,18.0,3.0,10.5,High Protein Sandwich Bread (Oat Sandwich Rolls) made with oat flour and cottage cheese are high in fiber and easy to make with just five ingredients!,"['[""1 cup oat flour (plus more for dusting if needed*)"",""2 teaspoons baking powder (make sure it\'s not expired or it won\'t rise)"",""3\\/4 teaspoon kosher salt (use less if using table salt)"",""1 cup low-fat classic cottage cheese (I like Good Culture drained of any whey at the top)"",""1  egg white (beaten (whole egg works fine too))"",""Everything bagel seasoning (sesame, etc for topping, optional)""],']"
145,House Special Fried Rice ,15,20,4,432.0,40.5,14.0,35.0,"House Special Fried Rice is the perfect one-pot dish– made with a combo of frozen brown rice and cauliflower rice and loaded with chicken, shrimp, steak, and eggs for mega protein.","['[""8 ounces peeled and deveined shrimp (chopped)"",""6 ounces thin sliced chicken breast cutlet (sliced into 1\\/4 inch thin strips)"",""6 ounces thin sliced sirloin steak (sliced into 1\\/4 inch thin strips)"",""1\\/4 teaspoon kosher salt"",""2 1\\/2 teaspoons vegetable or canola oil (divided)"",""1 tablespoon chopped fresh ginger"",""2  garlic cloves (chopped)"",""4  medium scallions (thinly sliced, whites and greens separated)"",""2 cups frozen riced cauliflower"",""3 cups cooked cold leftover brown rice (preferably short-grain)"",""2  large eggs (beaten)"",""2 tablespoons soy sauce (or gluten-free Tamari)"",""1 tablespoon rice vinegar"",""1 1\\/2 teaspoons toasted sesame oil"",""Sriracha or Chile-garlic sauce (optional for serving)""],']"
146,Shrimp Pho with Vegetables,15,45,4,233.0,19.5,2.5,30.5,"This Shrimp Pho with Vegetables (Vietnamese Noodle Soup) makes smart use of scraps, so you can make a shortcut stock that tastes like it spent all day simmering while also having zero waste.","['[""1 pound large shrimp"",""1 \\u00bd quarts vegetable or chicken broth"",""1 Tbsp fish sauce"",""1 Tbsp soy sauce"",""1  cinnamon stick"",""1  star anise pod"",""1- in piece ginger (sliced)"",""8 oz white mushrooms (halved)"",""1  bunch cilantro"",""Salt to taste"",""6 ounces thin rice noodles"",""3 cups cauliflower or broccoli (from 1 small head)"",""Garnish: Thinly sliced jalapeno, lime wedges,""],']"
148,Colombian Carne Bistec - Colombian Steak with Onions and Tomatoes,10,15,6,188.0,3.0,7.2,25.2,"Beef lovers, you&#039;ll love this quick Colombian Carne en Bistec steak dish cooked with onions, tomatoes and cumin. ","['[""1-1\\/2 lbs sirloin tip steak (sliced very thin)"",""kosher salt to taste"",""1\\/2 teaspoon garlic powder"",""1\\/2 teaspoon cumin"",""4 tsp olive oil"",""1  medium onion (sliced thin or chopped)"",""1  very large tomato or 2 medium tomatoes (sliced thin or chopped)"",""cooked rice and fried eggs (optional for serving)""],']"
149,Salmon Coconut Curry with Spinach and Chickpeas,5,20,4,453.0,23.5,20.0,41.0,Seared salmon with spinach and chickpeas in a creamy coconut curry sauce is an easy <strong>one-pot meal</strong> that cooks in under 20 minutes!,"['[""1\\/2 teaspoon kosher salt (plus more to taste)"",""1\\/4 teaspoon freshly ground black pepper"",""4  6-ounce skin-on salmon filets"",""2 teaspoons olive oil (divided)"",""1  small onion (diced (about 1 small))"",""3  peeled garlic cloves (grated)"",""1  2-inch piece peeled ginger (grated)"",""1  large Fresno chili (finely diced)"",""1  15-oz can chickpeas (rinsed and drained)"",""1 1\\/2 teaspoons Madras curry powder"",""1  14-ounce can light coconut milk"",""5 ounces baby spinach""],']"
150,Spinach Tomato Feta Stuffed Chicken Breast,15,20,4,407.0,7.0,22.0,44.5,"This Spinach Tomato Feta Stuffed Chicken Breast is filled with a flavorful spinach, sun dried tomato, and feta cheese mixture, seared in a skillet, and then baked to perfection.","['[""4  organic boneless (skinless chicken breasts, about 6 oz each)"",""3\\/4 tsp kosher salt"",""3\\/4 tsp paprika"",""1\\/2 tsp garlic powder"",""1 cup baby spinach (chopped)"",""2\\/3 cup sundried tomatoes in oil (drained and chopped)"",""2\\/3 cups crumbled feta cheese"",""1  medium shallot (chopped)"",""1  large garlic clove (minced)"",""1\\/4 cup chopped fresh basil"",""2 tablespoons plain or gluten-free panko"",""1 tablespoon chopped fresh oregano"",""1 tablespoon grated Parmesan cheese"",""1\\/4 teaspoon kosher salt"",""1 tablespoon olive oil (divided)""],']"
151,Baked Bananas,5,15,1,137.0,35.5,0.5,1.5,"Baked Bananas are the perfect, healthy dessert. They taste decadent, like bananas foster without all the butter and extra calories.","['[""1 medium ripe banana (cut in half lengthwise)"",""1\\/2 tablespoon honey"",""cinnamon (to taste)""],']"
152,Breakfast Egg Rolls,15,15,6,240.0,24.5,8.0,17.5,"These Breakfast Egg Rolls, loaded with eggs, sausage, and veggies cooked in the oven or <a href=""https://www.skinnytaste.com/air-fryer/"">air fryer</a>, are a fun twist on an egg sandwich. Perfect for making ahead and reheating as needed.","['[""6  large eggs"",""1 tablespoon water"",""1\\/4 teaspoon kosher salt"",""black pepper (to taste)"",""1\\/2 pound chicken or turkey sausage"",""2 tablespoons chopped green onions"",""2 tablespoons diced red bell pepper"",""olive oil spray"",""12  egg roll wrappers"",""salsa (optional for dipping)""],']"
153,Drunken Shrimp,5,10,4,175.0,2.0,10.0,22.5,"Drunken shrimp just got a makeover. Not sure if you can call this drunken since I significantly cut down the wine, but the shrimp aren’t 100% sober either. ","['[""2 tsp extra virgin olive oil"",""2 tsp unsalted butter"",""1 tsp anchovy paste"",""1 lb peeled and deveined large or jumbo shrimp"",""6  garlic cloves (chopped)"",""1 tsp crushed red pepper flakes"",""fresh pepper to taste"",""1\\/4 cup of white wine"",""1 cup clam juice"",""2 tablespoons of capers (rinsed)"",""juice from one lemon"",""generous handful of chopped parsley""],']"
155,Sauteed Collard Greens with Bacon,5,15,4,73.0,7.0,4.5,3.0,"Thinly sliced collard greens sautéed with bacon, garlic, and olive oil is the perfect side dish for New Year’s Day.","['[""1 slice bacon (chopped)"",""1 tbsp olive oil"",""3 cloves garlic (chopped)"",""1 large bunch collard greens (washed and dried)"",""salt (to taste)""],']"
156,Fudgy Flourless Crinkle Brownie Cookies with Sea Salt,15,15,9,207.0,30.0,12.0,6.0,"These flourless Brownie Crinkle Cookies are rich and fudgy like a brownie but shaped like a cookie. Made lighter, grain-free and gluten-free with almond meal and they have no oil or butter.","['[""Nonstick cooking spray"",""2  large egg whites"",""3\\/4 cup raw sugar"",""1 cup plus 2 tbsp finely ground almond meal (such as Bob\\u2019s Red Mill)"",""1\\/2 cup unsweetened cocoa powder"",""1 teaspoon baking soda"",""1\\/4 teaspoon kosher salt"",""1 teaspoon vanilla extract"",""3\\/4 cup chocolate chips (I used Lily&#039;s sugar-free)"",""Flaky sea salt (such as Maldon, as needed)""],']"
158,"Roasted Delicata Squash with Burrata, Pomegranate and Pistachios",15,25,6,165.0,14.0,11.0,5.0,"Roasted Delicata Squash with Burrata, Pomegranate and Pistachios makes and easy side dish, just add protein!","['[""Olive oil spray"",""1 \\u00bd pounds Delicata squash (2 medium)"",""1 tablespoon olive oil"",""\\u00bd teaspoon kosher salt"",""Freshly ground black pepper (to taste)"",""6 ounces burrata cheese (quartered)"",""\\u00bc cup chopped roasted pistachios"",""\\u00bc cup pomegranate seeds"",""Fresh basil (for garnish)""],']"
160,Pizzelle Cookies,10,20,10,91.0,14.5,3.0,2.0,"Italian Pizzelle Cookies are light and crisp, made lighter with less butter and sugar for a tasty holiday treat. ","['[""1  large egg"",""1  large egg white"",""1\\/3 cup sugar"",""2 tablespoons melted salted butter"",""2 tablespoons skim milk or milk of your choice"",""1 1\\/2 teaspoons vanilla extract"",""3\\/4 cup all-purpose flour (or GF flour mix )"",""1 teaspoon baking powder"",""cooking spray"",""1 tablespoon powdered sugar (for topping)""],']"
161,Caramelized Onion Empanadas (Chilean PEQUENES),25,50,6,218.0,29.0,9.5,5.0,"These Chilean empanadas, also known as pequenes, are stuffed with caramelized onions and seasoned with Latin spices – the perfect holiday appetizer.","['[""2 tablespoons vegetable oil"",""3  large or 5 medium yellow onions (cut in half lengthwise and sliced thinly)"",""1 teaspoon sugar"",""1 teaspoon salt"",""1 teaspoon paprika or merk\\u00e9n"",""black pepper (to taste)"",""1 teaspoon ground cumin"",""1 teaspoon dried Mexican oregano"",""\\u00bd teaspoon hot sauce"",""1\\u00bc cups all-purpose flour"",""1\\u00bd teaspoons salt"",""1 teaspoon granulated sugar"",""2 tablespoons lard (shortening, or butter, cut in small cubes)"",""\\u00bc cup water"",""\\u00bc cup 0% fat milk"",""1 teaspoon lemon juice or apple cider vinegar"",""1  beaten egg (to seal and brush)""],']"
162,Yogurt Sheet Pan Pancakes with Berries,10,20,8,211.0,32.0,4.5,8.0,"Yogurt Sheet Pan Pancakes with Mixed Berries are an easy <a href=""https://www.skinnytaste.com/recipes/breakfast-brunch/"">breakfast or brunch</a> for the holiday season or any time of the year. Set out all the toppings and let your family serve themselves.","['[""Cooking spray"",""1 \\u00bd cups all-purpose unbleached flour"",""\\u00bd cup white whole wheat flour"",""2 tablespoons granulated sugar"",""2 teaspoons baking powder"",""1 teaspoon baking soda"",""1 teaspoon kosher salt"",""1 1\\/2 cups Stonyfield Organic 0% plain yogurt"",""3\\/4 cup milk"",""6 tablespoons water"",""2  large eggs"",""2 tablespoons unsalted butter (melted then cooled slightly)"",""2 teaspoons vanilla extract"",""1 1\\/2 cups fresh or frozen mixed berries (blueberry, raspberry, blackberry)"",""Optional toppings: fresh berries (powdered sugar, maple syrup, honey or yogurt)""],']"
163,Angel Hair with Shrimp and Asparagus,10,20,4,378.0,52.1,6.8,32.0,Angel Hair with Shrimp and Asparagus is a quick and easy pasta dish made with fresh tomatoes and asparagus in a light tomato broth.,"['[""1  bunch asparagus (tough ends removed, quartered)"",""1 tbsp olive oil"",""6-8  ripe plum tomatoes (diced)"",""2 cloves garlic (thinly sliced)"",""16 oz large shrimp (peeled and de-veined)"",""1\\/2 cup chicken broth"",""2 oz white wine"",""kosher salt and fresh pepper (to taste)"",""1\\/2 tsp herbs de Provence (or you can use your favorite herbs)"",""1\\/2 tsp red pepper flakes (gives it a little kick)"",""8 oz angel hair pasta (wheat or gluten-free)""],']"
164,Lemon Cranberry Scones,15,20,10,193.0,34.0,4.7,4.3,These Lemon Cranberry Scones studded with dried cranberries are topped with a lemon glaze; a perfect Sunday morning treat.,"['[""2 tbsp sugar"",""2 tbsp fresh lemon juice (divided)"",""1\\/2 cup low fat buttermilk"",""1\\/4 cup sugar"",""1 tbsp lemon zest"",""2 tsp vanilla extract"",""1  large egg"",""2 cups Ultra grain flour (or 1 cup white, 1 cup white whole wheat)"",""1 tbsp baking powder"",""1\\/2 tsp salt"",""3 tbsp chilled butter (must be cold cut into small pieces)"",""3\\/4 cup dried sweet cranberries or cherries""],']"
165,Dark Chocolate Peanut Butter Swirl Bark,10,5,8,144.0,17.0,12.0,3.0,"Dark Chocolate Peanut Butter Bark with Sea Salt is so easy to make, just 3 ingredients! It makes a great homemade holiday gift!","['[""8 ounces Lily&#039;s sugar free dark chocolate baking bar* (from two 4 ounce bars)"",""2 tablespoons creamy peanut butter (I used Skippy)"",""a few pinches of coarse sea salt (such as Maldon)""],']"
166,Roasted Radishes and Onions,10,30,6,69.0,11.0,2.5,1.5,"If you don’t love radishes, this 5-ingredient Roasted Radishes and Onions recipe will definitely change your mind!","['[""2 large bunches radishes (about 1 pound each trimmed of the greens)"",""1 pound spring onions or shallots"",""1 tablespoon extra virgin olive oil"",""\\u00bd teaspoon kosher salt (plus more to taste)"",""\\u00bd teaspoon coarsely ground black pepper""],']"
167,Lentil Soup with Butternut and Kale,15,50,6,122.0,25.0,1.5,4.0,"Lentil Soup with Butternut and Kale is comforting and nutrient-dense, thanks to the butternut squash, lentils, kale, and leeks.","['[""1\\/2 tablespoon olive oil"",""1  large onion (diced)"",""1  medium carrot (diced)"",""2  leeks (white part only, cleaned and chopped)"",""1  celery stalk (diced)"",""2 tablespoons tomato paste"",""6 cups vegetable broth"",""1 pound peeled and diced butternut (1\\/2-inch dice)"",""2 ounces green lentils ((1\\/3 cup))"",""1  bay leaf"",""1\\/2 teaspoon kosher salt"",""black pepper"",""3 cups packed chopped lacinato kale (stems removed)""],']"
168,Chicken Brown Rice Bowl (Zinque's Le Bowl),15,0,1,455.0,33.0,15.0,48.0,"This delicious, Chicken Brown Rice Bowl is an easy one-bowl meal with chicken breast, arugula, avocado, tomatoes, Gruyere with a sriracha yogurt sauce.","['[""2 tablespoons plain whole milk Greek yogurt"",""1 1\\/2 teaspoons sriracha sauce (ore more to taste)"",""1 teaspoon water (to thin)"",""1 \\u00bd cups baby arugula"",""\\u00bd cup cooked brown rice"",""4 ounces cooked skinless chicken breast"",""1 ounce avocado (cubed)"",""6  grape tomatoes (halved)"",""\\u00bd ounce shaved gruyere cheese"",""Kosher salt"",""Freshly ground black pepper (to taste)""],']"
173,Chicken Parmesan Rolls,25,20,4,259.0,28.0,4.5,27.5,"These Chicken Parmesan Rolls (also know as chicken rolls) are wrapped in my easy <a href=""https://www.skinnytaste.com/easy-bagel-recipe/"">pizza dough</a> with marinara and mozzarella cheese, so good!","['[""1 cup all purpose or white whole wheat flour (plus more for dusting (5 oz) )"",""1 1\\/2 teaspoons baking powder"",""1\\/2 teaspoon kosher salt"",""1 cup Stonyfield non-fat Greek yogurt (not regular, drained if there\\u2019s any liquid)"",""8 ounces organic grilled chicken breast (sliced (abut 2 cups))"",""1\\/2 cup marinara sauce"",""3\\/4 cup shredded part-skim mozzarella cheese"",""1  large egg"",""sesame seeds""],']"
174,Turkey Pot Pie with Stuffing Crust,15,15,8,390.0,29.5,7.5,49.5,"Turkey Pot Pie with Stuffing Crust is a fun twist on a turkey pot pie, made with diced turkey and veggies simmered in a creamy sauce and finished with a stuffing topping.","['[""5 cups cooked diced turkey breast ((about 2 1\\/2 pounds))"",""1 tablespoon olive oil"",""2  large shallots (chopped (3\\/4 cup))"",""1\\/4 cup chopped fresh parsley"",""2 tablespoons chopped fresh thyme"",""2 tablespoons chopped fresh sage"",""3  celery stalks (chopped)"",""8 ounce package frozen mixed vegetables"",""3 cups turkey or chicken broth"",""1\\/2 teaspoon kosher salt"",""1\\/8 teaspoon black pepper"",""1\\/4 cup cornstarch"",""10 ounces whole wheat french bread (cut into small cubes)"",""1 tablespoon butter"",""1  medium onion (minced)"",""2  large stalks celery (minced)"",""8  fresh sage leaves (minced)"",""1\\/2 cup chopped parsley"",""1 teaspoon Bell\'s turkey seasoning"",""1\\/4 teaspoon kosher salt and fresh pepper (to taste)"",""1  large egg (beaten)"",""1 1\\/2 cups chicken broth""],']"
176,Savory Smashed Sweet Potatoes,15,35,6,206.0,29.0,8.5,4.0,"Savory Smashed Sweet Potatoes, seasoned with thyme, onion powder, and garlic powder, are smashed after roasting and then sprinkled with Parmesan for a savory-sweet side dish.","['[""Olive oil spray"",""3  long (thin sweet potatoes (10 ounces each))"",""2 tablespoons unsalted butter (melted)"",""\\u00be teaspoon kosher salt"",""Freshly ground black pepper (to taste)"",""\\u00bd teaspoon garlic powder"",""\\u00bd teaspoon onion powder"",""2 teaspoons chopped fresh thyme (plus more for garnish)"",""\\u00bc cup freshly grated Parmesan cheese"",""Nonfat Greek yogurt for serving (optional)""],']"
178,Crustless Sausage and Spinach Quiche,15,55,6,233.0,6.5,14.0,21.5,"This Crustless Sausage and Spinach Quiche with Italian chicken sausage, spinach, Havarti, and Parmesan is an easy and healthy recipe for breakfast, brunch, or dinner.","['[""cooking spray"",""3  links sweet Italian turkey or chicken sausage (removed from casing (8.5 ounces total))"",""12 ounce bag baby spinach"",""1 cup grated light havarti or cheddar"",""1\\/4 cup grated parmesan cheese"",""2\\/3 cup 2% milk"",""1\\/4 cup half &amp; half cream"",""5  large eggs"",""3\\/4 teaspoon kosher salt"",""1\\/8 teaspoon ground black pepper"",""pinch freshly grated nutmeg""],']"
179,Meatloaf and Brown Gravy,15,10,12,278.0,12.0,13.5,26.5,"This Meatloaf and Brown Gravy is a family favorite, made a bit healthier than most with a mix of beef and ground turkey plus oats, topped with a delicious brown gravy – comfort food at its finest!","['[""1 tablespoon extra virgin olive oil"",""1  large yellow onion (chopped fine)"",""2  medium celery stalks (minced fine)"",""1 1\\/2 pounds 90% lean ground beef"",""1 1\\/2 pounds 93% lean ground turkey"",""1 tablespoon chopped parsley (plus more for garnish)"",""1 tablespoon chopped fresh thyme leaves"",""3  large eggs (lightly beaten)"",""1\\/2 cup fat free milk"",""4 teaspoons kosher salt"",""1 3\\/4 cups raw quick oats"",""1\\/4 cup all purpose or gluten-free flour"",""3 cups salted beef broth or stock"",""1  thyme sprig"",""fresh black pepper (to taste)""],']"
180,Air Fryer Herbed Buttermilk Roast Chicken Breast,30,55,2,243.0,2.0,9.5,34.5,"Air fryer bone-in, skin-on chicken breast brined in buttermilk and seasoned with a mix of herbs and spices makes for perfectly juicy chicken.","['[""1  large bone-in skin-on split chicken breast ((1 1\\/4 to 1 1\\/2 lbs))"",""1 cup 1% buttermilk"",""1 1\\/2 teaspoons dried parsley"",""1 1\\/2 teaspoons fresh or dried chives"",""3\\/4 teaspoon kosher salt"",""1\\/2 teaspoon dried dill"",""1\\/2 teaspoon onion powder"",""1\\/4 teaspoon garlic powder"",""olive oil spray""],']"
181,Mushroom Kale Lasagna Rolls,30,40,10,258.0,30.5,8.4,11.5,"Mushroom Kale Lasagna Rolls are one of the tastiest ways to enjoy kale! They are quick, easy and perfectly portioned.","['[""10  9 oz dry lasagna noodles, cooked"",""2 1\\/2 cups marinara sauce"",""5 cups kale (stems removed, chopped fine)"",""8 oz mushrooms (chopped fine)"",""1 tsp olive oil"",""2 cloves garlic (chopped)"",""15 oz part skim ricotta cheese (I like Polly-o)"",""1\\/2 cup grated Parmesan cheese"",""1  egg (whisked)"",""salt and fresh pepper"",""3 oz 10 tbsp part-skim mozzarella cheese, shredded""],']"
182,Pizza Sausage Rolls,20,30,4,302.0,30.0,10.0,22.0,"Pizza Sausage Rolls wrapped in bagel dough with Italian chicken sausage, marinara and mozzarella make a fun appetizer or snack your whole family will love.","['[""1 cup unbleached all-purpose flour, plus more for dusting ((5 oz in weight) use cup4cup for GF*)"",""2 teaspoons baking powder"",""3\\/4 teaspoon kosher salt"",""1 cup non-fat Greek yogurt ((should be thick) I recommend Stonyfield)"",""1  egg white (beaten (whole egg works fine too))"",""sesame seeds (for topping (optional))"",""2  raw chicken Italian sausage links (3 oz total (halved lengthwise) I like Premio)"",""4 slices provolone or mozzarella  cheese"",""8 teaspoons pizza sauce or marinara"",""marinara sauce (for serving (optional))""],']"
184,Roasted Honeynut Squash,5,35,4,205.0,41.0,6.0,3.5,Roasted Roasted Honeynut Squash with Maple and Pecans is the perfect fall side dish! Sweeter and smaller than butternut and so much quicker to make.,"['[""2 medium honeynut squash (halved lengthwise, 10 ounces each)"",""1 tablespoon salted butter (softened)"",""1\\/4 teaspoon cinnamon"",""4 teaspoons pure maple syrup"",""2 tablespoons pecans (chopped)""],']"
185,Pastrami Reuben Egg Rolls ,15,10,4,360.0,44.0,9.5,23.0,"Golden, crisp Pastrami Reuben Egg Rolls with Russian Dressing, made healthier by cooking in the air fryer or baking in the oven, taste so good!","['[""1 1\\/2 cups sauerkraut"",""8  egg roll wrappers"",""6 ounces pastrami (chopped (or corned beef))"",""1 cup shredded reduced fat Swiss cheese (I like Jarlsberg)"",""small bowl water (for sealing)"",""Olive oil spray"",""1\\/4 cup light mayonnaise"",""2 tablespoons ketchup"",""1\\/2 teaspoon Worcestershire sauce"",""1\\/2 teaspoon horseradish"",""Dash of hot sauce (I used Frank\\u2019s Red Hot)"",""1\\/2 tablespoon fresh lemon juice"",""1\\/4 teaspoon onion powder"",""Pinch kosher salt""],']"
186,Detox Vegetable Soup,15,30,5,293.0,34.0,12.5,15.0,"This dairy-free creamy Detox Vegetable Soup is not only easy to make, it’s also LOADED with nutrient-rich goodness! ","['[""1  sweet onion (chopped)"",""1  carrot (chopped)"",""3  stalks celery (chopped)"",""5 cups chopped broccoli (florets and stalks)"",""7 cups water (divided)"",""1 teaspoon dried basil"",""1 teaspoon sea salt"",""1 cup raw cashews"",""2 cups cooked green lentils"",""2 cups packed baby spinach"",""Olive oil (for drizzling (optional))"",""Ground pepper (optional)""],']"
188,Twice Baked Potatoes with broccoli and cheese,5,25,8,146.5,23.0,3.5,8.0,"These twice baked potatoes are so cheesy, stuffed with broccoli and cheese plus some hidden cauliflower, but trust me no one will know!","['[""18 oz 4 medium russet potatoes"",""salt and pepper (to taste)"",""1 1\\/2 cups chopped broccoli florets"",""2 cups chopped cauliflower"",""1\\/2 cup low fat buttermilk"",""1 tbsp minced chives (optional)"",""1 cup 4 ounces shredded low-fat sharp cheddar cheese""],']"
189,Skinny Pumpkin Snickerdoodles,25,5,42,51.0,9.5,1.0,1.0,"These Skinny Pumpkin Snickerdoodles should really come with a warning label, because they are so good and hard to stop at just one!","['[""1-3\\/4 cups King Arthur white whole wheat flour (or all purpose white)"",""1\\/2 tsp baking soda"",""1\\/2 tsp cream of tartar"",""1 cup sugar"",""1\\/4 cup butter (softened)"",""1 tbsp honey or agave"",""1 tsp vanilla"",""1  large egg"",""3 tbsp sugar*"",""1 tbsp pumpkin spice*"",""cooking spray""],']"
190,Sweet and Spicy Glazed Salmon,5,10,4,202.0,6.5,7.0,22.5,"Sweet and Spicy Glazed Salmon is super easy, baked on a sheet pan with a simple glaze made with sweet red chili sauce, sriracha, and ginger.","['[""1 pound wild salmon filets (cut in 4 pieces)"",""kosher salt"",""1\\/4 cup sweet red chili sauce"",""1 teaspoon Sriracha sauce"",""1\\/2 teaspoon fresh grated ginger"",""sliced scallions (for garnish)""],']"
191,Mushroom Stroganoff,10,15,4,268.0,52.5,3.5,12.5,"This healthy mushroom stroganoff made with shiitake, baby portabella, and cremini mushrooms and noodles in a light creamy sauce is a quick and easy meal, perfect for Meatless Mondays!","['[""1 tablespoon butter"",""1\\/2 cup chopped onion"",""2 tbsp unbleached all-purpose flour"",""2 cups fat-free (less-sodium vegetable broth (or beef if you\'re a carnivore))"",""1 tbsp Worcestershire sauce*"",""1 tsp tomato paste"",""5 oz sliced white mushrooms"",""8 oz sliced Cremini or baby Bella mushrooms"",""3.5 oz Shiitake mushrooms"",""1\\/4 tsp thyme"",""salt and pepper to taste"",""2 tbsp white wine or sherry"",""1\\/4 cup reduced-fat sour cream"",""8 oz uncooked noodles (No-Yolk noodles)"",""1 tbsp minced fresh flat-leaf parsley for garnish""],']"
193,Lemon Blueberry Buttermilk Sheet Pan Pancakes,15,20,8,214.0,35.0,5.0,7.0,Lemon Blueberry Buttermilk Sheet Pan Pancakes – essentially a giant pancake baked in the oven – is the most genius way of making pancakes!,"['[""Cooking spray"",""1-1\\/2 cups unbleached all-purpose flour"",""1\\/2 cup white whole wheat flour"",""2 tablespoons granulated sugar"",""2 teaspoons baking powder"",""1 teaspoon baking soda"",""1 teaspoon kosher salt"",""2 tablespoons unsalted butter (melted and cooled slightly)"",""2 cups low-fat (1% buttermilk)"",""2  large eggs"",""1 medium lemon (juice and grated zest from )"",""2 teaspoons vanilla extract"",""1 -1\\/2  cups blueberries"",""1\\/4 cup water"",""Confectioners\\u2019 sugar, pure maple syrup, honey, or light whipped cream""],']"
197,Spicy Pork Brussels Bowls,5,25,4,280.5,15.5,10.0,35.0,"Spicy Pork Brussels Bowls are a delicious low-carb meal, made with shredded Brussels sprouts as the base, smoky ground pork, and an egg on top!","['[""olive oil spray"",""1 pound 90% lean ground pork (or swap it for a meatless ground meat option)"",""2 tablespoons red wine vinegar"",""3 cloves garlic (minced)"",""1 teaspoon smoky paprika"",""2 teaspoons ancho chili powder"",""1 teaspoon kosher salt"",""1\\/4 teaspoon cayenne pepper"",""1\\/4 teaspoon freshly ground black pepper"",""1\\/4 teaspoon dried oregano"",""1\\/4 teaspoon ground cumin"",""6 cups shredded brussels sprouts"",""1\\/4 cup chopped onion"",""4  large eggs""],']"
198,"Portobello Mushroom Burger with Mozzarella, Roasted Peppers and Pesto Mayo",5,15,4,229.0,29.0,9.5,11.5,"The easiest Portobello Mushroom Burger with Mozzarella, Roasted Peppers and Pesto Mayo","['[""2 tablespoons jarred or homemade pesto"",""2 tablespoons light mayo"",""4  portobello mushroom caps"",""2 tbsp balsamic vinegar"",""1 tbsp low sodium soy sauce"",""1 tablespoons olive oil"",""1-1\\/2 tsp steak seasoning like Montreal Steak Grill Mates"",""4  thick slices red onion"",""4 oz fresh mozzarella (sliced thin)"",""1  roasted red pepper (jarred or homemade sliced)"",""4  whole wheat low calorie buns (I used Martin)""],']"
200,Sautéed Zucchini with Plum Tomatoes,5,15,4,92.0,7.0,7.0,1.0,Sautéed Zucchini with Plum Tomatoes is a quick and delicious summer side dish made with simple ingredients.,"['[""1  medium zucchini (cut up)"",""5  medium fresh plum tomatoes (diced)"",""5 cloves garlic (smashed with the side of a knife)"",""2 tbsp extra virgin olive oil"",""1\\/2 tsp Herbes de Provence"",""kosher salt and fresh pepper (to taste)""],']"
203,"Whipped Ricotta Toast with Roasted Garlic, Tomatoes and Shallots",10,35,5,256.0,35.0,7.5,12.0,"Whipped Ricotta Toast with Roasted Tomatoes on crusty bread and topped with garlicky tomatoes, shallots, and basil is the perfect way to enjoy fresh summer tomatoes.","['[""1  medium head garlic"",""3 teaspoons olive oil"",""Kosher salt"",""Freshly ground black pepper"",""1  dry pint grape tomatoes (halved)"",""1  medium shallot (cut into \\u00bc-inch slices)"",""8- ounces French baguette"",""Olive oil spray"",""1 cup part skim milk ricotta"",""\\u00bc cup chopped basil (for garnish)"",""Crushed red pepper flakes (for garnish (optional))""],']"
204,Skillet Mexican Zucchini,5,10,4,102.0,8.0,6.0,5.0,Skillet Mexican Zucchini is incredibly delicious with a little bit of a kick from the jalapeño topped with melted queso blanco.,"['[""1  garlic clove (finely chopped)"",""1 tbsp extra virgin olive oil"",""1 lb zucchini (diced)"",""1  large tomato (cored, seeded and diced)"",""1  green onion (thinly sliced)"",""1 tbsp minced fresh cilantro"",""1 tsp minced pickled jalape\\u00f1o"",""1\\/2 cup crumbled queso blanco (or queso fresco, cotija or feta)"",""fresh lime juice (to taste)"",""salt (to taste)"",""freshly ground black pepper (to taste)""],']"
205,Raspberry Yogurt Popsicles,15,0,10,71.0,11.0,2.5,2.5,"These easy, healthy Raspberry Yogurt Ice Pops, made with just three ingredients, are a wonderful treat on a hot summer day.","['[""2  1\\/2 cups raspberries"",""3  1\\/2 tablespoons raw sugar"",""2  1\\/2 cups Stonyfield full fat plain yogurt""],']"
208,Chocolate Zucchini Bread,20,55,16,190.5,28.0,8.0,4.0,This healthy Chocolate Zucchini Bread is so rich and moist that no one will ever know there’s zucchini in it. With walnut in every bite!,"['[""1 cup all-purpose flour"",""1 cup whole-wheat flour"",""1\\/4 cup unsweetened cocoa (preferably Dutch-process)"",""1\\/2 tsp baking powder"",""1\\/2 tsp baking soda"",""1\\/2 tsp salt"",""3  large eggs (lightly beaten)"",""1 cup sugar"",""3\\/4 cup unsweetened applesauce"",""1\\/4 cup canola oil"",""1 tsp vanilla extract"",""1 oz unsweetened chocolate (melted)"",""1\\/2 cup chopped walnuts (1 3\\/4 ounces)"",""2 cups grated zucchini (from 1 large (squeezed well with a dishcloth))"",""Baking spray""],']"
209,Spaghetti with Sauteed Chicken and Grape Tomatoes,5,25,4,330.0,48.0,7.0,25.0,This 20-minute pasta recipe with chicken and grape tomatoes is bursting with flavor and is easy to make. A great way to use those summer tomatoes!,"['[""2  skinless chicken breast halves (1 lb) (diced in 1 inch cubes)"",""cooking spray"",""1\\/2 tsp each of dried oregano and dried basil"",""kosher salt and fresh pepper (to taste)"",""8 oz spaghetti (gluten-free or whole wheat )"",""2 cups grape tomatoes (halved)"",""6 cloves garlic (smashed and coarsely chopped)"",""4 tsp extra virgin olive oil"",""4 tbsp chopped fresh basil""],']"
210,Easy Blueberry Buttermilk Cake,20,30,18,168.0,33.0,2.9,3.1,"This light and Easy Blueberry Buttermilk Cake loaded with fresh, juicy blueberries in a lightly sweetened, moist buttermilk cake is ideal for summer.","['[""2 3\\/4 cups cake flour*"",""1 1\\/2 tsp baking soda"",""1\\/2 tsp salt"",""1 1\\/4 cups sugar"",""4 tbsp unsalted butter (softened )"",""3\\/4 cups unsweetened applesauce"",""3\\/4 cups low fat buttermilk"",""2 cups blueberries (fresh or frozen)"",""1  large egg (beaten)"",""2  large egg whites"",""2 tsp vanilla"",""baking spray""],']"
213,Flourless Zucchini Brownies ,15,30,12,179.0,25.0,9.0,4.5,"These Flourless Zucchini Brownies are so fudgy and rich, loaded with chocolate chips plus zucchini which makes them extra moist!","['[""Nonstick cooking spray"",""2  large egg whites"",""1 cup finely ground almond meal (such as Bob\\u2019s Red Mill superfine)"",""1\\/2 cup unsweetened cocoa powder"",""1 teaspoon baking soda"",""1\\/4 teaspoon kosher salt"",""1\\/2 cup unprocessed raw honey"",""2\\/3 cup (2 1\\/2 oz total) grated zucchini (not squeezed)"",""1 teaspoon vanilla extract"",""3\\/4 cup semisweet chocolate chips""],']"
