id_recepta,kolicina,enota,sestavina

1,2,large,eggs

1,1/4,cup,chopped red onion

1,1/4,cup,chopped dill

1,2,tablespoons,mayo

1,2,teaspoon,Dijon mustard

1,1,teaspoon,Old Bay seasoning

1,12,ounces,cooked or canned wild salmon

1,1/2,cup,panko

2,4,fillet,flounder fillet

2,1/2,tbsp,freshly ground black pepper

2,2,large,egg whites

2,2/3,cup,seasoned bread crumbs

2,1,tbsp,olive oil

2,1,tbsp,whipped butter

2,2,large,lemons

2,1/4,cup,dry white wine

2,1/2,cup,chicken broth

2,1,tbsp,capers

2,2,tbsp,chopped fresh parsley

3,16,oz,cooked large shrimp

3,1,tbsp,lime juice

3,6,cups,romaine lettuce

3,15,oz,black beans

3,1,cup,grilled corn kernels

3,2,tbsp,red onion

3,2,tbsp,cilantro

3,1/2,large,lime

3,1,whole,seedless cucumber

3,2,cups,tomato

3,1,whole,avocado

3,1,cup,reduced fat shredded cheese

4,1 1/2,cup,sliced strawberries

4,1/2,cup,sugar

4,1 1/2,cups,almond flour

4,1/4,cup,gluten-free oat flour

4,2,teaspoons,baking powder

4,1/2,tsp,baking soda

4,3,large,egg whites

4,1/2,tablespoons,vanilla extract

4,1,cup,0% Greek yogurt

5,2,cloves,garlic

5,3,tbsp,fresh lime juice

5,1,tbsp,extra virgin olive

5,1,tsp,cumin

5,1/2,teaspoon,salt

5,15,oz,can black beans

5,1,cup,canned chickpeas

5,1,cup,cherry tomatoes

5,1/4,cup,minced red onion

5,1/4,cup,cilantro

6,½,cup,reduced sodium soy sauce

6,4,cloves,garlic

6,1,1-inch piece,fresh ginger

6,1,tablespoon,cornstarch

6,½,tablespoon,sesame oil

6,1,pound,ground beef

6,½,medium,yellow onion

6,1,large head,broccoli

6,1,tablespoon,toasted sesame seeds

7,1 ½,pounds,sliced mixed mushrooms

7,2,tablespoons,extra virgin olive oil

7,1,tablespoon,thyme

7,¼,cup,Parmesan cheese

8,2,large,eggs

8,3,large,egg whites

8,4,whole,scallions

8,1,large,tomato

8,1,tbsp,olive oil

9,1/2,cup,light coconut milk

9,1,tablespoon,Asian fish sauce

9,2,teaspoons,red curry paste

9,1,teaspoon,brown sugar

9,1,tablespoon,chopped cilantro

9,1/2,teaspoon,ground turmeric

9,1/2,tsp,kosher salt

9,1 1/4,pounds,thin-sliced boneless chicken breast

9,16,large,Bamboo skewers

9,1,tbsp,cilantro

9,1,tbsp,chopped peanuts

9,1/3,cup,low sodium chicken broth

9,2,tbsp,creamy peanut butter

9,1,tbsp,reduced sodium soy sauce

9,2,tsp,honey

9,1,tsp,Sriracha chili sauce

9,1,tsp,freshly grated ginger

10,5,oz can,albacore tuna

10,1/4,cup,carrots

10,1/4,cup,celery

10,1,tbsp,red onion

10,1,tbsp,light mayonnaise

10,1,tsp,red wine vinegar

10,3,slices,multi-grain bread

10,6,thin slices,tomato

10,3,leaves,romanie lettuce

10,1/2,medium,avocado

10,1/2,oz,alfalfa sprouts

11,2,pounds,flank steak

11,2,teaspoons,kosher salt

11,1,packet,Sazon

11,1,teaspoon,dried oregano

11,1,teaspoon,garlic powder

11,1 1/2,teaspoons,cumin

11,1/4,teaspoon,black pepper

11,1/2,cup,tomato paste

11,1/3,cup,dry white wine

11,2 1/2,cups,chicken broth

11,1,teaspoon,olive oil

11,1,large,onion

11,1/2,medium,green bell pepper

11,1/2,medium,red bell pepper

11,4-6,whole,garlic cloves

11,1,large,carrot

11,1/2,cup,olives

11,2,large,bay leaves

11,3,tbsp,cilantro

12,1,cup,frozen mango

12,1,cup,loose baby spinach

12,1,medium,banana

12,1/2,cup,protein milk

12,1/4,cup,yogurt

12,1/3,cup,diced mango

12,1/3,cup,strawberries

12,2,tbsp,unsweetened coconut flakes

13,3/4,cup,all-purpose flour

13,3/4,cup,whole wheat flour

13,1,cup,granulated sugar

13,1/4,cup,flaked sweetened coconut

13,2,tsp,baking soda

13,1,tsp,salt

13,2,tsp,ground cinnamon

13,2,tablespoons,canola oil

13,2,large,eggs

13,1 1/2,tsp,vanilla

13,2,cups,grated carrots

13,20,ounce can,crushed pineapple in juice

13,1/2,cup,chopped walnuts

13,8,oz,1/3 fat Philadelphia Cream Cheese

13,1/4,cup,powdered sugar

13,1,tsp,vanilla extract

14,2,teaspoons,extra virgin olive oil

14,1,large,onion

14,1,9-inch ,frozen pie crust

14,15,oz can,artichoke hearts

14,4,large,eggs

14,1/2,cup,grated parmesan cheese

14,1/4,cup,chopped parsley

14,1 1/3,cups,shredded part-skim mozzarella

15,1/2,small,red onion

15,1,pound,broccoli florets

15,1,cup,cherry tomatoes

15,15-,ounce can,chickpeas

15,3,ounces,fresh mozzarella

15,3,ounces,reduced-fat provolone

15,3,ounces,genoa salami

15,3,ounces,lean deli ham

15,3,ounces,deli turkey

15,½,cup,sliced pepperoncini

15,1/4,cup,extra virgin olive oil

15,1/4,cup,red wine vinegar

15,1 1/2,teaspoons,kosher salt

15,1,teaspoon,dried oregano

15,1/4,teaspoon,freshly ground black pepper

16,4,large,hard boiled eggs

16,2,tablespoon,light mayonnaise

16,1,teaspoon,Dijon mustard

16,2,tablespoons,chopped fresh chives

17,1/2,pound,raw skinless salmon fillet

17,1/3,cup,chopped celery

17,1/4,cup,chopped red onion

17,1/2,medium,lemon

17,1,tbsp,mayonnaise

17,1/4,teaspoon,kosher salt

18,16,oz,jumbo shrimp

18,1/4,cup,egg whites

18,6,tbsp,whole wheat Italian seasoned breadcrumbs

18,2,tbsp,panko crumbs

18,2,tbsp,Parmesan cheese

18,1/2,cup,Marinara or your 

18,1,cup,shredded part skim mozzarella cheese

18,12,ounces,French bread

19,1,pound,asparagus

19,2/3,cup,seasoned panko crumbs

19,2/3,cup,shredded Parmesan cheese

19,2,tablespoons,all-purpose flour

19,2,large,eggs

20,1,tablespoon,finely chopped fresh oregano

20,4,fillet,tilapia fillets

20,1/4,teaspoon,fresh black pepper

20,4,teaspoons,olive oil

20,2,whole,garlic cloves

20,2,tbsp,breadcrumbs

21,1/2,cup,onion

21,1,cup,shredded potatoes

21,1,tsp,garlic powder

21,1,cup,egg whites or egg beaters

21,2,tbsp,onions

21,1/4,cup,bell peppers

21,1,oz,reduced fat Swiss cheese

21,1,oz,turkey ham

22,1,14-ounce package,extra firm tofu

22,¼,cup,reduced sodium soy sauce or gluten free tamari

22,4,whole,garlic cloves

22,3/4,cups,cucumber

22,2,whole,scallions

22,1/2,tbsp,cornstarch

22,1,tablespoon,sesame oil

22,2,cups,mixed greens

22,1,cup,cooked brown rice

22,½,cup,shelled edamame

22,2,ounces,avocado

23,1,small,onion

23,1,medium,carrot

23,1,whole,celery

23,2,whole,garlic cloves

23,2,tablespoons,butter

23,3,tablespoons,flour

23,3,cups,less sodium chicken broth

23,1,cup,fat free milk

23,1/4,teaspoon,kosher salt

23,6,cups,broccoli florets

23,1-1/4,cups,shredded sharp cheddar

23,2,tablespoons,grated Parmesan cheese

24,1/2,pound,wild Alaskan salmon filet

24,1,tbsp,olive oil

24,3/4,cup,small-diced red onion

24,1 1/2,cups,small-diced celery

24,1/2,cup,small-diced red bell pepper

24,1/2,cup,small-diced yellow bell pepper

24,1/4,cup,minced fresh flat-leaf parsley

24,1,tablespoon,capers

24,1/4,tablespoon,hot sauce

24,1 1/2,tsp,Old Bay seasoning

24,1,cup,breadcrumbs

24,3,tablespoon,light mayonnaise

24,3,tablespoon,fat free Greek yogurt

24,1,tablespoon,Dijon mustard

25,12,ounces,cooked chicken breast

25,1/3,cup,light mayonnaise

25,1/2,cup,celery

25,1/3,cup,red onion

25,2,tablespoons,chicken broth

25,1,teaspoon,Dijon

25,1/2,teaspoon,seasoned salt

26,4,small,sweet potato

26,1,pound,ground turkey

26,1,teaspoon,kosher salt

26,1,teaspoon,olive oil

26,1,small,onion

26,1/2,cup,celery

26,2,cloves,garlic

26,4,oz,mushrooms

26,3/4,cup,frozen peas and carrots

26,1,cup,beef broth

26,1,tablespoon,flour

26,1,tablespoon,tomato paste

26,1,teaspoon,Worcestershire sauce

26,1,teaspoon,freshly chopped thyme leaves

27,8,medium,chicken drumstick

27,1/3,cup,low sodium soy sauce

27,1/3,cup,apple cider vinegar

28,12,ounces,"linguini, spaghetti or pasta of choice"

28,3,teaspoons,extra virgin olive oil

28,1 1/2,pounds,jumbo shrimp

28,6-7,cloves,garlic

28,1/4,cup,celery

28,1/2,cup,chopped onion

28,35,ounces,crushed tomatoes

28,1 1/2,teaspoons,crushed red pepper

28,1,tablespoon,capers

29,1/3,cup,Dijon Mustard

29,1,tablespoon,honey

29,4,3/4-inch thick ,pork chops

29,1/2,teaspoon,kosher salt

29,1,cup,panko

30,¼,cup,chia seeds

30,1,cup,unsweetened almond milk

30,1,cup,nonfat plain Greek yogurt

30,1,tablespoon,monk fruit sweetener

30,1,medium,kiwi

30,1,cup,mango

30,2,tablespoons,dried unsweetened coconut

31,5,short,rib

31,8,ounce,shiitake mushrooms

31,1 1/2,inches,ginger

31,5,whole,scallion

31,1/2,bunch,cilantro

31,8,cup,beef broth

31,1,teaspoon,whole black peppercorns

31,3,whole,star anise

31,1,pound,Swiss chard

32,1,tablespoon,unsalted butter

32,2,cups,low sodium chicken broth

32,1/2,cup,frozen peas

32,1,cup,uncooked converted brown rice

32,4,teaspoons,olive oil

32,1-1/4,pounds,peeled and deveined shrimp

32,2,tbsp,Romano cheese

32,1,tbsp,chopped parsley

33,2,tablespoons,honey

33,1,tablespoon,sriracha

33,1,tablespoon,soy sauce

33,2,teaspoons,minced or grated fresh ginger

33,1 1/2,pounds,skinless salmon filets

33,3,whole,Persian cucumbers

33,1 1/2,teaspoon,rice vinegar

33,1,teaspoon,toasted sesame oil

33,½,teaspoon,kosher salt

33,3,cups,cooked rice

33,4,ounces,avocado

34,1,ounce,dried porcini mushrooms

34,3,tablespoons,extra-virgin olive oil

34,4,ounces,Canadian bacon or pancetta

34,2,medium,yellow onion

34,4,medium,carrot

34,4,medium,celery stark

34,4,whole,garlic cloves

34,3/4,cup,uncooked pearled farro

34,1,pound,sliced cremini mushrooms

34,1/2,cup,Marsala wine

34,4,cups,beef broth

34,1 1/2,teaspoons,dried thyme

34,1,teaspoon,kosher salt

34,2,tablespoons,butter

34,2,tablespoons,all-purpose flour

34,1/4,cup,Italian flat-leaf parsley

35,16,ounces,boneless skinless chicken breasts

35,1,pound,country style pork ribs

35,2,large,bay leaves

35,1,large,chicken bouillon

35,1/4,teaspoon,cumin

35,8,cups,water

35,1,medium,head cabbage

35,3,medium,carrots

35,2,large,leeks

35,2,cloves,garlic

35,1,medium,yellow bell pepper

35,1.5,oz,brandy

35,3/4,teaspoon,kosher salt

35,1/2,teaspoon,turmeric or achiote such as Sazon

36,1,14-ounce package ,extra firm tofu

36,2,tablespoons,Gochujang

36,2,tablespoons,reduced sodium soy sauce

36,3,tablespoons,unseasoned rice vinegar

36,3 1/2,teaspoons,sesame oil

36,2,whole,garlic cloves

36,1,teaspoon,grated fresh ginger

36,1,teaspoon,honey

36,1/4,teaspoon,kosher salt

36,3,cups,tri-color coleslaw mix

36,2,whole,scallion

36,1,cup,cooked brown rice

37,3,tbsp,pure maple syrup

37,3,tbsp,reduced sodium soy sauce

37,1,tbsp,sriracha hot sauce

37,1,clove,garlic

38,1-1/2,lbs,broccoli florets

38,4,cloves,garlic

38,2,tablespoons,light mayo

38,3,medium,chicken breast

38,1,tbsp,butter

38,2,teaspoon,extra virgin olive oil

38,1/4,cup,shallots or onion

38,1/4,cup,all purpose flour

38,1,cup,chicken broth

38,1,cup,fat free milk

38,2,ounces,dry sherry

38,6,ounces,reduced fat Swiss cheese

38,1/4,cup,grated Parmesan cheese

38,1/4,cup,breadcrumbs

39,4,pieces,cubed steak (beef round sirloin)

39,3,large,eggs

39,1 1/4,teaspoons,salt

39,1,cup,breadcrumbs

40,1,whole,chicken tenders

40,1,large,egg

40,1,tsp,kosher salt

40,1,cup,breadcrumbs

40,1 1/2,cups,marinara sauce

40,1,cup,shredded part-skim mozzarella

40,1/4,cup,grated Parmesan cheese

41,1/2,tablespoon,extra virgin olive oil

41,16,ounce carton,egg whites

41,5.3,ounce,cottage cheese

41,1/2,teaspoon,garlic powder

41,1/4,teaspoon,seasoning salt

41,1/4,cup,chopped shallots or red onion

41,1/4,cup,chopped scallions

41,1,medium,red bell pepper

41,1/2,cup,steamed broccoli

41,6,slices,Applegate uncured turkey bacon

41,1/4,cup,sharp shredded cheddar cheese

42,2,whole,chicken breast

42,4,oz,cream cheese

42,1,cup,fat-free sour cream or Greek yogurt

42,1/2,cup,Franks red hot sauce

42,1/2,cup,crumbled blue cheese

42,1,teaspoon,white vinegar

43,3/4,cup,walnuts

43,1,whole,Medjool date

43,1/4,cup,pumpkin purée

43,1/4,cup,unsweetened cocoa powder

43,½,teaspoon,vanilla extract

44,10,medium,jalapeño pepper

44,3,medium,scallion

44,4,oz,shredded chicken

44,1/4,cup,Franks Hot sauce

44,1/2,cup,egg whites

44,3/4,cup,panko crumbs

44,1/8,tsp,paprika

44,1/8,tsp,garlic powder

44,1/8,tsp,chili powder

45,24,oz,3 boneless skinless chicken breasts

45,1,whole,celery stalk

45,16,oz,fat free low sodium chicken broth

45,1/2,cup,cayenne pepper sauce

45,6,large,lettuce leaves

45,1 1/2,cup,shredded carrots

45,2,large,celery stalks

46,4,oz,baked tortilla chips

46,8,oz,99% lean ground turkey breast

46,1,tsp,cumin

46,1,tsp,garlic powder

46,1,cup,fat-free spicy black bean dip

46,1 1/3,cup,reduced fat Mexican cheese blend

46,2,cups,pico de gallo

46,1/2,cup,light sour cream

46,1/2,cup,chopped fresh cilantro

46,1,whole,jalapeño

47,8,large,egg

47,4,tbsp,mayonnaise

47,1,tablespoon,finely chopped chives or scallions

47,1/4,teaspoon,kosher salt

47,1/8,teaspoon,sweet paprika

48,1/4,cup,shredded 2% cheddar

48,4,wedges,Laughing Cow cheese

48,1/3,cup,celery stalk

48,1/4,cup,green onion

48,1/4,cup,carrot

48,5,thin,chicken breasts cutlets

48,15,whole,Ritz Crackers

48,1,tbsp,light mayonnaise

48,6,tbsp,Franks hot sauce

48,1,tbsp,lemon juice

48,2,tsp,unsalted butter

48,1/2,tsp,garlic powder

49,1/2,cup,frozen brown rice

49,1,tablespoons,sweet red chili sauce

49,1/2,teaspoon,Sriracha sauce

49,1/4,teaspoon,fresh grated ginger

49,6,ounce,piece salmon filet

49,1,whole,baby bok choy

49,1,tsp,sesame oil

50,1,tbsp,olive oil

50,1/2,medium,onion

50,3,whole,garlic cloves

50,1,medium,celery stalk

50,1,medium,carrot

50,15,ounce,can cannellini beans

50,15,ounce,can tomato sauce or crushed tomatoes

50,1,large,bay leaf

50,1,tbsp,dried basil

50,1,tbsp,dried parsley

50,1,tsp,dried oregano

50,2,14 ounce,cans chicken or vegetable broth

50,2,cups,water

50,6,oz,dry Ditalini pasta or other small pasta

51,1 1/4,lb,ground chicken

51,1/4,cup,panko crumbs

51,1,large,egg

51,2,whole,scallion

51,1/3,cup,finely minced celery

51,1/3,cup,finely minced carrot

51,1,clove,crushed garlic

51,1/3,cup,Franks Hot sauce

51,1/4,cup,blue cheese dressing

52,1,cup,peeled and shredded beets

52,1,cup,shredded carrots

52,1,large,red apple

52,1,large,lemon

52,2,tablespoons,extra virgin olive oil

52,1/8,teaspoon,salt

53,3/4,cup,dry

53,1 1/3,cups,vegetable broth

53,1/4,cup,chopped scallions

53,1 1/2,cups,diced mango mango

53,1 1/2,cups,diced mini cucumbers

53,1,medium,jalapeño

53,1,whole,lime

53,1/4,cup,cilantro

53,1,lb,raw peeled and deveined shrimp

53,1,teaspoon,olive oil

53,2,cloves,garlic

53,1,teaspoon,fresh grated ginger

53,1/4,cup,low sodium soy sauce or gluten-free tamari

53,2,tablespoons,rice vinegar

53,1,tablespoon,honey

53,1,teaspoon,sesame oil

53,4,oz,sliced avocado

54,1,tablespoon,olive oil

54,1/4,cup,Sofrito

54,1,can,black beans

54,2,cup,long grain rice

54,3 1/2,cups,water

54,1/2,tablespoon,sazon

54,1,large,vegetable or chicken bouillon cube

54,1,teaspoon,kosher salt

55,1,medium,ripe banana

55,2,teaspoons,pure maple syrup

55,1/2,cup,nonfat Greek yogurt

55,2,tablespoons,pecan halves

56,1,teaspoon,oil

56,4,medium,scallions

56,1,tbsp,Thai red curry paste

56,2,cloves,garlic

56,1,lb,shrimp

56,6,ounces,canned light coconut milk

56,2,teaspoons,Asian fish sauce

56,1/4,cup,fresh cilantro or scallions

57,14,ounces,sweet potato

57,1,pound,93% lean ground turkey

57,1/4,cup,chopped onion

57,2,tablespoons,tomato paste

57,3/4,cups,canned black beans

57,3/4,cups,corn kernels

57,1,large,tomato

57,1,whole,jalapeño

57,1,whole,garlic cloves

57,2,tablespoons,chopped cilantro

57,1 1/2,teaspoon,cumin

57,1 1/4,teaspoon,kosher salt

57,1/2,cup,chicken broth

57,4,ounces,avocado

58,½,ounce container,fresh dill

58,2,quarts,low sodium chicken broth

58,1 ½,pounds,boneless skinless chicken thighs

58,3/4,cup,uncooked white rice

58,2,large,eggs

58,¼,cup,lemon juice

58,1/2,teaspoon,kosher salt

59,8,slices,bacon

59,1,large head,broccoli florets 

59,⅓,cup,red onion

59,½,cup,dried unsweetened cranberries

59,½,cup,sunflower seeds

59,¼,cup,crumbled goat cheese

59,½,cup,mayonnaise

59,¼,cup,plain fat free Greek yogurt

60,2,ounces,pancetta

60,1,medium,onion

60,2,cloves,garlic

60,½,tsp,red pepper flakes

60,1,cup,reduced sodium chicken broth

60,1,tablespoon,red wine vinegar

60,3,bunches,flat kale

61,8,ounces,whole wheat linguine

61,1,teaspoon,kosher salt

61,1,tablespoon,olive oil

61,4,whole,garlic cloves

61,1/4,teaspoon,red pepper flakes

61,1/4,teaspoon,freshly ground black pepper

61,1/2,cup,dry white wine

61,2,cups,cherry tomatoes

61,8,ounce,bag baby spinach

61,2,15-ounce cans,cannellini beans or navy beans

61,1/4,cup,lemon juice

61,1,tablespoon,unsalted butter or vegan butter

61,1/2,cup,fresh parsley

62,2,tablespoons,extra-virgin olive oil

62,1,large,onion

62,1,tsp,kosher salt

62,3,whole,garlic cloves

62,3,tbsp,tomato paste

62,1,teaspoon,smoked paprika

62,1/2,teaspoon,celery seeds

62,1,pound,Russet or other starchy potatoes

62,1,pound,beets

62,4,cups,chicken, beef or vegetable stock

62,1,tablespoon,red wine vinegar

63,7,ounces,zucchini

63,1/2,medium,banana

63,1/3,cup,egg white

63,1/3,cup,quick oats

63,1/3,cup,milk of choice

63,1/8,teaspoon,cinnamon

63,1/4,cup,blueberries

63,1/2,ounce,slivered almonds

64,2,tsp,olive oil

64,1,medium,onion

64,4,whole,garlic cloves

64,1/2,medium,red bell pepper

64,1/4,cup,cilantro

64,5,medium,bell pepper

64,14,oz,shredded cooked chicken breast

64,3/4,teaspoon,cumin

64,1/2,teaspoon,adobo seasoning

64,15.5,oz,can white beans

64,1/2,cup,reduced fat shredded cheddar

65,2,tablespoon,extra-virgin olive oil

65,3/4,teaspoon,garlic powder

65,3/4,teaspoon,sweet paprika

65,3/4,teaspoon,dried parsley

65,1/4,teaspoon,kosher salt

65,32,jumbo,peeled and deveined shrimp

66,4,whole,chicken cutlets

66,2,tsp,olive oil

66,2,medium,yellow onions

66,1,tablespoon,balsamic vinegar

66,1,tablespoon,Worcestershire sauce

66,½,teaspoon,dried thyme or 1 teaspoon fresh thyme leaves

66,3,ounces,Gruyère cheese

66,½,cup,all-purpose flour

66,1,teaspoon,kosher salt

66,½,teaspoon,paprika

66,2,teaspoons,unsalted butter

66,1/2,cup,chicken broth

67,1,medium,lemon

67,1,whole,garlic clove

67,1/4,cup,finely grated Parmesan cheese

67,1/4,cup,mayonnaise

67,3,pieces,anchovy fillets

68,12,ounce,package hearts of palm noodles

68,8,ounces,ground chicken

68,1,teaspoons,sesame oil

68,3,whole,garlic cloves

68,¼,cup,reduced sodium soy sauce 

68,1,tablespoon,hoisin

68,1,tablespoon,sambal oelek

69,3,8 ounce,boneless skinless chicken breasts

69,1,teaspoon,olive or canola oil

69,1/2,cup,diced red onion

69,1/2,tsp,paprika

69,1/2,tsp,cumin

69,1/4,teaspoon,kosher salt

69,1,cup,canned low sodium black beans

69,1/2,cup,buffalo sauce

69,3,cups,cooked brown rice

69,1/2,cup,part-skim cheddar cheese

69,1/4,cup,chopped scallions

70,1/2,medium,lemon

70,2,cups,feta cheese

70,1/2,cup,plain low-fat Greek yogurt

70,2,tablespoons,extra virgin olive oil

71,1 1/2,pounds,baby bella mushrooms

71,10,ounces,frozen chopped spinach

71,4,ounces,cream cheese

71,½,cup,freshly grated parmesan cheese

71,1,cup,part-skim mozzarella cheese

71,¼,cup,chopped scallions

71,2,cloves,garlic

71,¼,cup,light sour cream

71,2,tablespoons,Italian seasoned breadcrumbs

72,8,oz,wheat ciabatta bread

72,12,oz,turkey breakfast sausage

72,2,cups,fat-free milk

72,1-1/2,cups,reduced-fat shredded sharp cheddar cheese

72,10,large,eggs

72,1,cup,green onions

72,1,cup,sliced mushrooms

72,1/2,tsp,paprika

72,1,tsp,kosher salt

72,2,tbsp,grated Parmesan cheese

73,1,cup,oats

73,2,cups,water

73,1,tablespoon,pure maple syrup

73,1/4,teaspoon,cinnamon

73,1/3,cup,egg whites

73,2,cups,mixed fresh berries

73,1,medium,ripe banana

73,1/4,cup,chopped pecans or walnuts

74,14,ounces,mild Italian chicken sausage

74,1/2,medium,yellow onion

74,1,cup,dry orzo

74,3,cups,low sodium chicken broth

74,3,cups,packed baby spinach

74,1/4,cup,freshly grated parmesan

75,1,cup,quick cooking rolled oats

75,1/2,cup,almond flour

75,1/4,cup,of honey

75,1,large,egg

75,1/4,cup,melted coconut oil

75,1,teaspoon,vanilla extract

75,1/2,teaspoon,baking powder

75,1/4,teaspoon,kosher salt

75,1/2,cup,sugar free dark chocolate chips

76,16,ounce,refrigerated or homemade pizza dough

76,1 1/2,tbsp,olive oil

76,3/4,tsp,kosher salt

76,8,ounces,thinly sliced cremini mushrooms

76,1,medium,red onion

76,3,cup,baby spinach

76,3,cloves,garlic

76,1,cup,part-skim shredded mozzarella cheese

77,3,cloves,garlic

77,2,tbsp,lemon juice

77,2,tsp,Dijon mustard

77,1,tsp,olive oil

77,1/4,tsp,fresh ground black pepper

77,1,pound,pork tenderloin

77,1 1/2,ounces,part skim mozzarella cheese

77,2,cups,fresh baby spinach

77,2,tbsp,chopped sun dried tomatoes

77,1,ounce,thin sliced prosciutto

78,2,large,yellow onion

78,1/2,teaspoon,kosher salt

78,2,tablespoons,extra virgin olive oil

78,12,ounces,peeled and sliced butternut squash

78,1/2,cup,grated Parmesan cheese

78,2,teaspoons,fresh thyme leaves

78,1,large,egg

79,3,pound,trimmed whole chicken

79,1,pint,1% buttermilk

80,8,slices,center-cut bacon

80,1/2,cup,finely diced shallots

80,8,ounces,shredded Gruyère cheese

80,12,large,egg

80,1,cup,nonfat milk

80,1/2,teaspoon,kosher salt

81,4,tablespoons,lemon juice

81,4,tablespoons,olive oil

81,1/2,teaspoon,kosher salt

81,4,cups,cooked quinoa

81,1,cup,shredded brussels sprouts

81,1,cup,shredded red cabbage

81,1,cup,shredded or thin sliced carrots

81,1,cup,yellow bell peppers

81,1,cup,diced mini cucumbers

81,1,cup,halved cherry tomatoes

82,2,tablespoons,lemon juice

82,3,cloves,garlic

82,1,cup,Greek yogurt

82,1/2,cup,finely grated Parmesan cheese

82,1/4,cup,light mayonnaise

82,3,pieces,anchovy fillets

82,1 1/2,teaspoons,Dijon mustard

82,1/2,teaspoon,freshly ground black pepper

83,3/4,cup,vodka sauce

83,2,8-ounce,boneless chicken breasts

83,1,teaspoon,kosher salt

83,1,large,egg

83,1,cup,breadcrumbs

83,4,slices,fresh mozzarella cheese

83,1/2,cup,sliced hot jarred cherry peppers

84,24,medium,oysters

84,1/2,tablespoon,extra virgin olive oil

84,2,medium,shallots

84,2,ounces,1/3 less fat cream cheese

84,3,tablespoons,half & half cream

84,3,tablespoons,grated Pecorino Romano

84,1/4,cup,plain or gluten-free panko crumbs

85,2,large,fennel bulbs

85,1,small,yellow onion

85,1 1/2,teaspoons,Kosher salt and freshly ground black pepper

85,3/4,cup,vegetable or chicken broth

85,2,ounce,about 1/2 cup grated Gruyere cheese

85,1,ounce,about 1/2 cup finely grated Parmesan cheese

85,1/3,cup,Panko breadcrumbs

85,1/8,teaspoon,freshly ground nutmeg

86,¼,cup,quick cooking steel cut oats

86,2,ounces,raw chicken breakfast sausage

86,1 1/2,teaspoons,unsalted butter

86,4,medium,baby bella mushrooms

86,2,tablespoons,Parmesan cheese

86,1,large,egg

87,8,oz,chicken thighs

87,1/4,cup,water chestnuts

87,1/4,cup,dried shiitake mushrooms

87,1,tbsp,reduced sodium soy sauce

87,1/4,tsp,dark soy sauce

87,1/2,tsp,oyster sauce

87,1 1/2,tsp,sesame oil

87,1,tbsp,rice wine or dry sherry

87,1/2,tsp,sugar

87,2,cloves,garlic

87,6,large,iceberg lettuce leaves

87,2,tbsp,diced scallions

87,4,tbsp,hoisin sauce

87,1/2,tsp,chili sauce

87,1,tbsp,warm water

88,2,pounds,carrots

88,2,tablespoons,extra-virgin olive oil

88,1,tablespoon,minced fresh thyme leaves

88,1/4,cup,chopped fresh Italian parsley

88,3,cloves,garlic

88,2,tsp,kosher salt

89,6,pieces,chicken thighs

89,1,medium,lemon

89,1,teaspoon,kosher salt

89,1/4,teaspoon,black pepper

89,1,teaspoon,garlic powder

89,1,teaspoon,onion powder

89,1/2,teaspoon,sweet paprika

89,1/2,teaspoon,dried herbs 

90,1,teaspoon,olive oil

90,1/4,cup,red onion

90,1,cup,zucchini

90,1,large,egg

90,3/4,cup,egg whites

90,2,tablespoons,Parmesan cheese

91,1,tablespoon,extra-virgin olive oil

91,1,large,yellow onion

91,1,tablespoon,minced garlic

91,2,teaspoons,chili powder

91,1,teaspoon,dried oregano

91,1,15-ounce can,crushed tomatoes

91,1,quart,chicken or turkey stock

91,2,cups,shredded cooked chicken or turkey meat

91,4,6-inch,corn tortillas

91,3,tablespoons,vegetable oil

92,1,large,butternut squash

92,1,tablespoon,olive oil

92,1/2,teaspoon,kosher salt

92,1/2,cup,uncooked wild rice

92,1 1/2,cups,water or broth

92,1,tablespoon,olive oil

92,1/2,pound,fresh sweet Italian chicken or turkey sausage

92,2,cups,loosely packed sliced mushrooms

92,2,cloves,garlic

92,1/2,teaspoon,kosher salt

92,2,cups,loosely packed shredded kale

92,1/4,cup,apple juice sweetened cranberries

92,1,tablespoon,chopped fresh thyme leaves

93,1/2,pound,Brussels sprouts

93,4.5,ounces,baby kale leaves

93,1/4,cup,extra-virgin olive oil

93,3,tablespoons,apple cider vinegar

93,1,tablespoon,Dijon mustard

93,1,tablespoon,pure maple syrup

93,1,small,garlic clove

93,1/4,teaspoon,kosher salt

93,2/3,cup,finely grated Parmesan cheese

93,1/2,cup,chopped pecans or walnuts

94,1,piece,turkey breast

94,2,teaspoon,kosher salt

94,1/2,teaspoon,freshly ground black pepper

94,2,large,garlic cloves

94,1/4,cup,light mayonnaise

94,2 1/2,tablespoons,za’atar

94,1,pound,sweet potatoes

94,3,tablespoons,extra-virgin olive oil

94,1,tablespoon,maple syrup

94,1,pound,brussels sprouts

94,1/2,teaspoon,cumin seeds

95,1,cup,course yellow cornmeal

95,1,cup,all-purpose flour

95,3 1/2,teaspoons,baking powder

95,1,teaspoon,kosher salt

95,1,cup,fat-free milk

95,3,tablespoon,honey

95,3,tablespoons,neutral tasting oil such as canola

95,3,large,eggs

95,1,tablespoon,neutral tasting oil such as canola

95,14,ounces,raw sweet chicken sausage

95,2,large,onion

95,3,cup,chopped celery

95,3/4,cup,chopped fresh parsley

95,2,tablespoons,chopped fresh thyme

95,1/4,cup,chopped fresh sage

95,1 1/2,teaspoons,kosher salt

95,1/2,teaspoon,Black pepper

95,2 1/2,cups,reduced-sodium chicken broth

95,2,large,eggs

96,2 1/2,pounds,sweet potatoes

96,1/2,cup,fat free milk 

96,3,tablespoons,pure maple syrup

96,2,teaspoons,vanilla extract

96,1/2,teaspoon,kosher salt

96,1/4,teaspoon,ground cinnamon

96,2,large,eggs

96,2/3,cup,coarsely chopped pecans or walnuts

96,2,tablespoons,all-purpose flour or gluten-free flour

96,1/4,cup,quick-cooking rolled oats

96,3,tablespoons,brown monk fruit sweetener

96,1/8,teaspoon,ground cinnamon

96,1/8,teaspoon,kosher salt

96,2,tablespoons,melted butter

97,20,ounces,peeled and cubed butternut squash

97,1,small,red onion

97,1 1/2,tbsp,extra-virgin olive oil

97,1,teaspoon,kosher salt

97,2,slices,center-cut bacon

97,1/4,cup,freshly grated Parmesan cheese

98,2,lbs,Yukon gold potatoes

98,4,large,garlic clove

98,1/4,cup,light sour cream

98,1/2,cup,chicken broth

98,1/4,cup,fat free milk

98,1,tbsp,whipped butter

98,1,tbsp,fresh herbs such as parsley

99,3/4,cup,egg whites

99,1/8,teaspoon,adobo seasoning

99,1/4,cup,enchilada sauce

99,2,tablespoons,cheddar cheese

99,1/4,cup,scallion

99,1/2,small,avocado

100,2,medium,red onion

100,2 1/2,pounds,acorn squash

100,1,tablespoon,extra-virgin olive oil

100,1/2,teaspoon,Kosher sea salt

100,6,cups,vegetable broth

100,2,teaspoons,fresh ginger

100,3/4,teaspoon,ground turmeric

100,1/4,cup,unsalted cashews

100,2,tablespoons,finely chopped fresh cilantro

101,1,cup,all purpose or white whole wheat flour

101,1 1/2,teaspoons,baking powder

101,1/2,teaspoon,kosher salt

101,1,cup,Stonyfield non-fat Greek yogurt

101,8,ounces,organic grilled chicken breast

101,1/2,cup,marinara sauce

111,3/4,cup,shredded part-skim mozzarella cheese

102,2,lbs,green beans

102,1,tbsp,olive oil

102,1,cup,shallots

102,1/2,cup,breadcrumbs

102,1,tbsp,grated Romano or Parmesan cheese

102,1/2,tsp,dried thyme

102,1,tbsp,olive oil

102,1/3,cup,shallots

102,16,oz,sliced mushrooms

102,1/4,cup,flour

102,1,cup,reduced sodium chicken broth

102,1,cup,2% milk

102,1/4,cup,romano cheese

103,1 1⁄4,cups,whole raw cashews

103,3/4,cup,water

103,1,tablespoon,freshly squeezed lemon juice

103,1/4,teaspoon,fine sea salt

103,3/4,teaspoon,apple cider vinegar

104,1,1-inch,knob fresh ginger

104,⅓,cup,reduced sodium soy sauce

104,2,tablespoons,rice vinegar

104,6,cloves,garlic

104,1,tablespoon,granulated sugar

104,2,tablespoons,toasted sesame oil

104,1 1/2,tablespoons,cornstarch

104,2 to 3,teaspoons,chili paste

104,1 1/2,pounds,thin sliced boneless chicken breast cutlets

104,1,tablespoon,vegetable oil

104,1,medium,red onion

104,15,ounces,baby bok choy

104,1/3,cup,dry-roasted peanuts

104,½,cup,fresh Thai or traditional basil

105,2,teaspoons,extra-virgin olive oil

105,1,pound,mild Italian chicken sausage

105,1,medium,yellow onion

105,4,clove,garlic

105,1/2,teaspoon,apple cider vinegar

105,2 1/2,teaspoons,Adobo Seasoning

105,1/2 ,teaspoon,kosher salt

105,1/2,teaspoon,dried thyme

105,1/2,teaspoon,freshly ground black pepper

105,1,sprig,rosemary

105,1,pound,orange-fleshed sweet potatoes

105,6,cups,unsalted chicken Bone Broth

105,1/4,cup,Dairy-Free Heavy Cream

105,1,bunch,lacinato (Tuscan kale) or Swiss chard

106,1,cup,all-purpose flour

106,2,teaspoons,baking powder

106,3/4,teaspoon,kosher salt

106,1,cup,non-fat plain Greek yogurt

106,1,large,egg white

106,8,piece,turkey hot dogs

106,2,teaspoons,everything Bagel seasoning

107,1,pound,Cremini or Baby Bella mushrooms

107,1,tablespoon,extra-virgin olive oil

107,1,teaspoon,kosher salt

107,2,tablespoons,unsalted butter

107,4,large,garlic cloves

108,1/2,tablespoon,olive oil

108,1,cup,chopped scallions

108,1,cup,chopped carrots

108,3/4,cup,sliced celery

108,1/2,teaspoon,kosher salt

108,3/4,cup,quartered grape tomatoes

108,32,ounce,container chicken bone broth

108,4,cups,water

108,2,piece,bullion cube

108,4,piece,chicken thighs

108,3/4,teaspoon,ground turmeric

108,1,teaspoon,grated ginger

108,1,medium,zucchini

108,3,cups,broccoli florets

108,12,ounces,vermicelli rice noodles

108,6,cup,baby spinach

109,1,medium,apple

109,2,teaspoons,ground cinnamon

109,1,tablespoon,pure maple syrup

109,1 ½,cups,unsweetened almond milk

109,2,teaspoons,chia seeds

109,1,teaspoon,vanilla extract

109,1,teaspoon,ground cinnamon

109,1/8,teaspoon,ground nutmeg

109,½,tablespoon,pure maple syrup

109,1,cup,old fashioned oats

109,2,tablespoons,chopped walnuts

110,1,slice,whole grain or gluten-free bread

110,1,oz,mashed avocado

111,1,pound,dry black beans

111,1,small,red bell pepper

111,1,small,onion

111,2,cloves,garlic

111,3,large,bay leaves

111,1,tbsp,olive oil

111,1,large,onion

111,1/2,cup,parsley

111,1,medium,red bell pepper

111,2,medium,carrots

111,5,cloves,garlic

111,1,tbsp,red wine vinegar

111,1/4,cup,white wine

111,1,teaspoon,cumin

111,1,teaspoon,oregano

111,1,piece,bullion cube

111,3/4,tsp,kosher salt

112,4,6 ounce,skinless salmon filets

112,1,tablespoon,sweet paprika

112,1/2,teaspoon,dried cayenne pepper

112,1,teaspoon,garlic powder

112,1,teaspoon,dried thyme

112,1,teaspoon,dried oregano

112,1,teaspoon,kosher salt

112,1/8,teaspoon,black pepper

113,1,14 ounce,package extra-firm tofu

113,½,cup,finely diced yellow onion

113,1,large,garlic clove

113,1,tablespoon,olive oil

113,3,tablespoons,less sodium soy sauce

113,1,tablespoon,tomato paste

113,2,teaspoons,chili powder

113,1,teaspoon,smoked paprika

113,1,teaspoon,cumin

113,1,medium,Russet potato

113,2,large,jalapeño peppers

113,1 ½,tablespoons,olive oil

113,1,teaspoon,kosher salt

113,4,ounces,Hass avocado

113,8,6-inch,corn tortillas

113,1,cup,your favorite salsa

114,1,medium,baked sweet potato

114,6,tablespoons,ketchup

114,1 1/2,teaspoons,Worcestershire sauce

114,1,pound,ground turkey

114,1,large,egg

114,2,tablespoons,dried onion flakes

114,1,teaspoon,marjoram

114,1,teaspoon,kosher salt

115,5,ounces,avocado

115,1/4,cup,red onion

115,1,large,tomato

115,1,cup,hearts of palm

115,1/2,teaspoon,kosher salt

115,2,tablespoons,extra virgin olive oil

115,2,tablespoons,fresh lemon juice

115,4,cups,baby arugula

116,1,cup,all-purpose flour

116,2,teaspoons,baking powder

116,3/4,teaspoon,kosher salt

116,1,cup,non-fat Greek yogurt

116,1,large,egg white

116,2,piece,chicken Italian sausage

116,4,slice,provolone or mozzarella cheese

116,8,teaspoons,pizza sauce or marinara

117,1,pound,wild salmon fillet

117,¼,cup,reduced sodium soy sauce

117,¼,cup,finely diced yellow onion

117,1,teaspoon,toasted sesame oil

117,1,teaspoon,grated fresh ginger

117,1,tablespoon,brown sugar

117,2,clove,garlic

117,1,tsp,sesame seeds

117,3,cups,tri-color coleslaw

117,3,whole,scallion

117,3,tablespoons,mayonnaise

117,3,teaspoons,gochujang

118,1,pound,93% ground turkey

118,2 1/4,teaspoons,cumin

118,1,teaspoon,smoked paprika

118,1,teaspoon,garlic powder

118,1/2,teaspoon,chili powder

118,1/2,teaspoon,salt

118,15,oz,can fat-free refried beans

118,1 1/4,cups,jarred medium salsa

118,4,oz,can diced green chilies

118,1 1/2,cups,reduced fat shredded cheese 

118,1,medium,tomato

118,4,ounce,avocado

118,2,tablespoons,crumbled cotija cheese

118,1/4,cup,sliced scallions

118,1/4,cup,chopped cilantro

119,4,cups,water

119,1,teaspoon,kosher salt

119,1,cup,yellow polenta or medium ground cornmeal

119,2,tablespoons,unsalted butter

119,1/2,cup,canned or homemade pumpkin puree

119,1/3,cup,grated Pecorino Romano

120,1/4,cup,Puerto Rican sofrito

120,1,tablespoon,olive oil

120,15,ounce,can black beans

120,1/2,tablespoon,sazon seasoning

120,1/2,teaspoon,chicken boullion

120,2,tablespoons,tomato paste

120,1/2,cup,water

121,1 1/2,teaspoons,onion powder

121,1 1/2,teaspoons,garlic powder

121,1/2,teaspoon,sweet paprika

121,1/8,teaspoon,cayenne pepper

121,1/2,teaspoon,kosher salt

121,1,teaspoon,brown sugar

121,4,cup,butternut squash

121,1,tablespoon,olive oil

122,1,large,onion

122,1,medium,carrot

122,1,large,celery

122,3/4,pound,ground sirloin beef

122,1,link,Italian spicy or sweet chicken sausage

122,28,ounce can,crushed tomatoes

122,2,large,bay leaves

122,3/4,tsp,kosher salt

123,3/4,cup,unbleached all purpose flour

123,1/2,cup,white whole wheat flour

123,3/4,tsp,baking soda

123,1/2,tsp,salt

123,1,tsp,cinnamon

123,1 1/2,tsp,pumpkin spice

123,3,medium,very ripe medium bananas

123,1/2,cup,pureed pumpkin

123,2,tbsp,butter

123,1/2,cup,light brown sugar

123,1,large,egg white

123,1,large,egg

123,1,tsp,vanilla extract

123,1/4,cup,chopped pecans

124,1,tablespoon,unsalted butter

124,1,small,yellow onion

124,4,large,eggs

124,3,ounces,sliced Nova lox

125,4,cups,thinly shredded brussels sprouts

125,1/4,cup,roughly chopped pecans

125,2,tablespoons,extra virgin olive oil

125,1,tablespoon,minced shallots

125,2,teaspoons,Dijon mustard

125,2,tablespoons,balsamic vinegar

125,3,tablespoons,crumbled blue cheese

125,1,small,honey crisp apple

126,2,medium,red onions

126,2,pounds,sweet potatoes

126,1,tablespoon,extra-virgin olive oil

126,1/2,teaspoon,Kosher sea salt

126,8,cups,vegetable broth

126,2,teaspoons,minced fresh ginger

126,1/2,teaspoon,ground turmeric

126,1/4,cup,unsalted macadamias

126,2,tablespoons,finely chopped fresh cilantro

127,6,tbsp,mayonnaise

127,2,tablespoons,drained capers

127,2,teaspoons,fresh lemon juice

127,16,ounces,skinless salmon fillet

127,1,teaspoon,kosher salt

127,2,large,egg white

127,1,cup,panko

127,4,piece,buns

127,4,large,butter lettuce leaves

128,1,cup,whole wheat flour

128,2,tsp,baking powder

128,1/4,tsp,salt

128,1/2,tsp,cinnamon

128,1,tsp,pumpkin pie spice

128,1,cup,low fat buttermilk

128,3,large,egg white

128,1/4,cup,canned pumpkin

128,2,tbsp,pure maple syrup

128,1,tsp,vanilla

128,2,tsp,canola oil

128,3,tbsp,chopped pecans

129,1 1/4,pounds,chicken breasts

129,2,teaspoons,olive oil

129,1,medium,red onion

129,1/4,cup,cilantro

129,1,piece,poblano pepper

129,1,large,roma tomato

129,1,medium,lime

129,1,cup,corn kernels

129,3,cups,cooked brown rice

129,1/4,cup,cheddar-jack cheese

129,1/4,cup,2% sour cream or Greek yogurt

129,1,teaspoon,garlic powder

129,1,teaspoon,cumin

129,1,teaspoon,kosher salt

129,1/2,teaspoon,chili powder

129,1/2,teaspoon,paprika

129,1/2,teaspoon,oregano

130,3,medium,extra ripe bananas

130,1/3,cup,unsweetened apple sauce

130,1 1/4,cups,unbleached all purpose flour

130,3/4,tsp,baking soda

130,1/4,tsp,salt

130,2,tbsp,butter

130,1/3,cup,light brown sugar

130,2,large,egg white

130,1/2,tsp,vanilla extract

130,10,tbsp,Creamy Peanut Butter

131,1,15 ounce can,chickpeas

131,2,tablespoons,extra virgin olive oil

131,2,bunches,broccolini

131,1,pint,cherry tomatoes

131,1,small,red onion

131,1/2,teaspoon,kosher salt and black pepper

131,1/2,medium,lemon

131,8,ounce,Feta Cheese

132,1 1/4,lbs,butternut squash

132,1/2,tbsp,olive oil or coconut oil

132,2 1/2,tbsp,pure maple syrup

133,1/2,cup,white whole wheat flour

133,3/4,cups,unbleached all purpose flour

133,3/4,cup,raw sugar

133,1,teaspoon,baking soda

133,2,teaspoons,pumpkin pie spice

133,1/4,teaspoon,nutmeg

133,1/4,teaspoon,cinnamon

133,1/4,teaspoon,salt

133,1 1/2,cups,canned pumpkin

133,2,tbsp,coconut oil

133,1,large,egg

133,1 1/2,tsp,vanilla extract

133,5,oz,1/3 less fat cream cheese

133,2,tablespoons,raw sugar

133,1,large,egg yolk

133,1,tsp,vanilla extract

134,1,teaspoon,extra-virgin olive oil

134,4,piece,turkey or chicken sausage links

134,1,small,onion

134,4,clove,garlic

134,2,teaspoons,Italian seasoning

134,1,can,cannellini beans

134,32,ounces,low-sodium chicken or vegetable broth

134,4,cup,yellow potatoes

134,1/2,teaspoon,salt

134,1,cup,finely chopped spinach

135,1,whole,wild salmon filet with skin

135,1/4,cup,light mayo

135,1/4,cup,grated Parmesan cheese

135,3,cloves,garlic

135,2,tablespoons,chopped dill

135,2,tablespoons,chopped parsley

135,2,tablespoons,chopped basil

135,2,tablespoons,chopped chives

136,1,large,egg

136,1,slice,sourdough bread

136,1,ounce,halloumi cheese

136,1,ounce,avocado

136,2,tablespoons,sliced roasted red pepper

136,1,tablespoon,microgreens

136,½,teaspoon,sunflower seeds

137,2,cloves,garlic

137,2,tbsp,chipotle chile

137,1 1/2,cups,tomato sauce

137,1/2,tsp,chipotle chili powder

137,1/2,tsp,ground cumin

137,2/3,cup,fat-free low-sodium chicken broth

137,32,oz,zucchini

137,1,tsp,oil

137,1/2,cup,green onions

137,3,cloves,garlic

137,1/2,cup,diced green bell pepper

137,1/4,cup,chopped cilantro

137,8,oz,cooked shredded chicken breast

137,1,tsp,cumin

137,1/2,tsp,dried oregano

137,1/2,tsp,chipotle chili powder

137,3,tbsp,water or chicken broth

137,1,tbsp,tomato paste

137,3/4,cup,reduced fat shredded sharp cheddar

138,1,cup,almond or any milk

138,1,scoop,vanilla protein

138,1/2,cup,berries

139,4,6 ounce,boneless skinless fish fillets 

139,3,teaspoons,Cajun seasoning

139,1/4,cup,mayonnaise

139,1,teaspoon,sriracha

139,2,medium,limes

139,5,cup,cabbage

139,1/2,tablespoon,olive oil

139,1/2,teaspoon,kosher salt

140,5,cups,low sodium chicken broth

140,2,cups,water

140,2,clove,garlic

140,4,tbsp,fresh parsley

140,1/2,medium,onion

140,4,tbsp,tomato sauce

140,6,oz,dry cut up spaghetti

140,16,oz,93% lean ground turkey

140,1,large,egg

140,1/4,cup,breadcrumbs

140,1/4,cup,grated parmesan cheese

140,1,tbsp,fresh chopped basil

141,2,tablespoons,basil pesto

141,1 1/2,tablespoons,extra virgin olive oil

141,3,medium,tomato

141,3,tablespoons,lemon juice

141,1,teaspoon,sugar

141,3,tablespoon,shallots

142,4,slices,zucchini

142,1/4,teaspoon,kosher salt

142,2,pieces,grilled chicken cutlets

142,4,ounces,shredded mozzarella cheese

142,4,slice,tomato

143,2,medium,extra ripe plantains

144,1,whole,pie dough

144,1,tablespoon,extra-virgin olive oil

144,1/4,cup,diced red onion

144,1,clove,garlic

144,1,tsp,kosher saltž

144,6,large,egg

144,1/2,cup,skim milk

144,1/2,cup,part-skim ricotta cheese

144,1/2,cup,part-skim shredded mozzarella cheese

144,1/4,cup,freshly grated Parmesan cheese

144,2,tablespoons,chopped basil

145,1,cup,all purpose flour

145,1,cup,white whole wheat flour

145,2/3,cup,brown sugar

145,1,tablespoon,cinnamon

145,3/4,teaspoon,baking soda

145,3/4,teaspoon,baking powder

145,1/2,teaspoon,salt

145,2,teaspoons,vanilla

145,3/4,cup,chopped walnuts

145,1,large,egg

145,2,tablespoons,melted butter

145,1,cup,apple sauce

145,1 ½,cups,shredded zucchini

146,1/2,teaspoon,olive oil

146,1/3,cup,chopped scallions

146,1,clove,garlic

146,4,cup,corn kernels

146,1,medium,russet potato

146,4,cups,low fat milk

146,1,piece,bouillon cube

146,2,tablespoons,cilantro

146,1,teaspoon,kosher salt

146,3,oz,crumbled queso fresco or cotija cheese

147,6,ounces,sushi grade tuna

147,1/2,medium,cucumber

147,2,ounces,avocado

147,2,tablespoons,soy sauce

147,2,teaspoons,sesame oil

147,1,teaspoon,sriracha

147,1,teaspoon,fresh grated ginger

147,1,tablespoon,scallions

148,16,ounce,tortellini

148,3 1/2,cups,broccoli florets

148,1 1/2,cups,grape tomatoes

148,1/2,cup,sliced red onion

148,1/4,cup,sliced black olives

148,1/4,cup,Delallo extra virgin olive oil

148,1/4,cup,Delallo red wine vinegar

148,1/2,teaspoon,kosher salt

148,2,cloves,minced garlic

148,1/2,teaspoon,garlic powder

148,1/2,teaspoon,dried parsley

150,1,cup,dry brown lentils

150,1,large,bay leaves

150,2,sprigs,thyme

150,1,cup,carrots

150,1/3,cup,finely diced celery

150,1/4,cup,finely diced red bell pepper

150,1/4,cup,finely diced red onion

150,1/4,cup,minced parsley

150,1,clove,garlic

150,5,tbsp,lemon juice

150,1,tablespoon,olive oil

150,1,teaspoon,kosher salt

151,1,tablespoon,olive oil

151,1 ½,cup,panko breadcrumbs

151,1,teaspoon,kosher salt

151,1,pound,chicken breast

151,2,tablespoons,all-purpose flour

151,1,large,egg

151,2,teaspoons,garlic powder

151,2,teaspoons,onion powder

151,1,teaspoon,dried oregano

151,1/8,teaspoon,cayenne pepper

152,4,cups,grated zucchini

152,1 1/4,cups,Heart Smart Bisquick

152,1/3,cup,minced onion

152,3,large,egg whites

152,1,large,egg 

152,1,tbsp,olive oil

152,1/4,cup,grated Parmesan cheese

152,1,tsp,kosher salt and fresh black pepper

152,1,tsp,parsley

153,4,tablespoons,chia seeds

153,1,cup,unsweetened pineapple juice

153,1,cup,fresh pineapple

153,1,cup,2% cottage cheese

154,3,cups,corn

154,1/2,cup,Boursin cheese

154,12,whole,cherry tomato

154,16,large,sea scallops

154,2,teaspoons,salted butter

154,1/2,teaspoon,kosher salt

154,1,teaspoon,olive oil

155,1/2,cup,part skim ricotta

155,6,tablespoons,part-skim shredded mozzarella

155,1/4,cup,romano cheese

155,2,tablespoons,parsley

155,1,large,zucchini

155,3/4,teaspoon,kosher salt

155,2,large,eggs

155,1,cup,breadcrumbs

155,1,cup,warmed marinara sauce

156,3/4,cup,grated zucchini

156,6,tablespoons,ketchup

156,1 1/2,teaspoons,Worcestershire sauce

156,1,lb,ground turkey

156,2,tablespoons,dried onion flakes

156,1/3,cup,quick oats

156,1,large,egg

156,1,teaspoon,marjoram

156,1,teaspoon,kosher salt

157,2,medium,peaches

157,1,tsp,brown sugar

157,¼,teaspoon,ground cinnamon

157,2,cups,low fat cottage cheese

157,2,tablespoons,chopped shelled pistachios

158,1/4,cup,sofrito

158,1,tablespoon,olive oil

158,15,ounce,can gandules

158,1/2,tablespoon,sazon seasoning

158,1/2,teaspoon,chicken or veggie bouillon

158,1/2 ,cup,canned tomato sauce

158,1/2,cup,water

159,1,medium,yellow onion

159,1,large,red bell pepper

159,2,large,cubanelle peppers

159,10,clove,garlic

159,1,bunch,cilantro

159,1,tablespoon,extra virgin olive oil

160,6,medium,chicken thighs

160,1,tbsp,vinegar

160,2,teaspoons,soy sauce

160,1,package,sazon

160,1,teaspoon,Adobo seasoning

160,1/2,teaspoon,garlic powder

160,1/2,teaspoon,dried oregano

161,1,pound,fresh or frozen cavatelli

161,3,teaspoons,olive oil

161,2,easr,corn

161,1,pint,cherry tomatoes

161,1 1/2,cups,diced zucchini

161,2,cloves,garlic

161,1,teaspoon,kosher salt

161,3/4,cup,homemade marinara sauce

161,6,tablespoons,grated Pecorino Romano

161,2,tablespoons,fresh basil

162,1,medium,cucumber

162,2,medium,avocado

162,15.5,oz,black beans

162,2,tbsp,red onion

162,2,tbsp,cilantro

163,8,ounces,hummus

163,1,cup,0% fat Greek yogurt

163,1,clove,garlic

163,1,tsp,chopped fresh dill

163,2,tbsp,red onion

163,1,cup,English cucumber

163,1,cup,Roma tomato

163,1/4,cup,crumbled feta cheese

163,1/4,cup,Kalamata olives

164,4,medium,russet or Idaho potatoes

164,1/2,teaspoon,kosher salt

165,6,ears,corn

165,1/4,cup,chopped scallions

165,2,tablespoons,extra virgin olive oil

165,1/2,cup,queso Cotija

165,2,tablespoons,cilantro

165,1,teaspoon,Chili Lime Seasoning

165,1/4,teaspoon,kosher salt

166,4,ounces,chickpea flour

166,1,tbsp,cornstarch

166,3,tbsp,olive oil

166,1,tsp,garlic powder

166,½,tsp,kosher salt

166,1/2,cup,breadcrumbs

166,6,cups,baby arugula

166,1,cup,halved grape or cherry tomatoes

166,1,cup,canned chickpeas

167,2,lb,boneless

167,6,oz,light beer

167,1,packet,Sazon seasoning

167,1,tsp,kosher salt

167,3,tablespoons,white vinegar

167,1 1/2,teaspoons,cumin

167,1 1/2,teaspoons,garlic powder

167,1,teaspoon,dried oregano

167,1,ounce,avocado

167,2,medium,jalapeño

167,3,tbsp,fresh cilantro

167,2,tablespoon,extra virgin olive oil

167,1,clove,garlic

167,2,tbsp,white vinegar

167,3 to 4,tablespoons,water

167,1/8,teaspoon,cumin

168,2,tbsp,extra virgin olive oil

168,4,piece,fish fillets

168,2,cloves,garlic

168,2,whole,shallots

168,2,medium,tomatoes

168,2,tbsp,capers

168,1/4,cup,white wine

169,1/2,cup,lite coconut milk

169,1/2,cup,unsweetened almond milk

169,3/4,cup,fresh ripe champagne mango

169,4,tbsp,chia seeds

169,1,tbsp,sweetened shredded coconut

170,15,oz,can chickpeas

170,4,oz,grilled chicken

170,1,tablespoon,extra virgin olive oil

170,2,small,cucumber

170,2,small,tomatoes

170,1/4,cup,red onion

170,2,oz,feta

170,1/4,tsp,kosher salt

170,1/8,teaspoon,dried oregano

171,5,oz,sashimi tuna

171,1,tsp,extra virgin olive oil

171,1,tsp,fresh lemon juice

171,2,cups,baby arugula

171,1,tsp,capers

172,3,cups,seedless watermelon

172,1/2,cup,crumbled feta

172,7,oz,arugula

172,1/4,small,red onion

172,2,tbsp,balsamic vinegar

172,2,tbsp,extra virgin olive oil

173,¾,cup,low fat cottage cheese

173,1/4,cup,each blackberries

173,2,tablespoons,slivered almonds

175,4,pieces,salmon fillet

175,1 1/4,teaspoon,chili-lime seasoning

175,1/4,teaspoon,kosher salt

175,1/2,teaspoon,garlic powder

175,1/2,teaspoon,oregano

175,1/4,teaspoon,smoked paprika

176,1/2,pound,sushi grade tuna

176,1/4,cup,sliced scallions

176,2,tablespoons,reduced sodium soy sauce or gluten-free tamari

176,1,teaspoon,sesame oil

176,1/2,teaspoon,sriracha

176,1,tbsp,less sodium soy sauce

176,1,tsp,wasabi

176,2,tbsp,rice wine vinegar

176,1/2,tbsp,sesame oil

176,3,cups,baby greens

176,1,cup,cucumbers

176,1,small,avocado

176,1/2,cup,edamame

177,1,medium,mango

177,1,medium,avocado

177,1,medium,plum tomato

177,1,clove,garlic

177,1,medium,jalapeño

177,1/4,cup,fresh cilantro

177,2,tbsp,fresh lime juice

177,1/4,cup,chopped red onion

177,1/2,tbsp,olive oil

178,3,cups,baby arugula

178,6,oz,uncooked penne or rotini pasta

178,1/4,cup,sun dried tomatoes

178,2,tbsp,extra virgin olive oil

178,2,tbsp,balsamic vinegar

178,1,cup,canned chickpeas

178,4,tbsp,Parmesan or Pecorino cheese

179,3,piece,chicken breasts

179,1,large,egg white

179,2,tablespoons,corn starch

179,1 1/4,teaspoon,kosher salt

179,1,whole,broccoli

179,2,teaspoons,sesame oil

179,2,cups,brown rice

179,2,tablespoons,honey

179,2,tablespoons,sriracha sauce

179,1,teaspoon,seasoned rice vinegar

179,1,teaspoon,sesame oil

179,2,medium,scallion

179,1,teaspoon,sesame seeds

180,2,piece,chicken breast

180,3/4,teaspoon,seasoning salt

180,8,ounces,diced avocado

180,1/4,cup,chopped red onion

180,1/4,cup,chopped fresh cilantro

180,1,tablespoon,extra virgin olive oil

181,1,large,banana

181,1/2,cup,nondairy milk

181,2,tablespoons,pure maple syrup

181,1,cup,old-fashioned oats

181,1/2,teaspoon,baking powder

181,1/2,teaspoon,ground cinnamon

181,1/8,teaspoon,kosher salt

181,1,tablespoons,chopped pecans

181,1,tablespoon,unsweetened shredded coconut

181,2,tablespoons,chopped dates or raisins

181,2,tablespoons,chia seeds

